n_nests,log_years_avail,entrance_size_cm,cavity_depth_cm,cavity_height_m,tree_diameter_cm,dist_forest_edge_m,tree_species,origin_species
22,2.6390573296152584,6.7,39,3.55,43,0,TremblingAspen,NorthernFlicker
20,2.833213344056216,5.8,14,1.43,32.1,13,TremblingAspen,NorthernFlicker
19,2.772588722239781,7.1,5.4,3.1,29.2,5,TremblingAspen,NorthernFlicker
18,2.70805020110221,5.8,21.5,3.49,30.9,15,TremblingAspen,NotExcavated
17,2.995732273553991,6,26.5,1.85,45,6,TremblingAspen,NorthernFlicker
17,2.833213344056216,6.7,30.5,1.7,30.8,7,TremblingAspen,NorthernFlicker
17,2.6390573296152584,3.5,37.4,1.98,30.6,10,TremblingAspen,NorthernFlicker
16,2.70805020110221,6.2,48,1.85,40.4,2,TremblingAspen,NorthernFlicker
15,2.4849066497880004,6,17,1.22,41.8,0,TremblingAspen,NorthernFlicker
15,2.772588722239781,6.4,25,3.01,33.7,0,TremblingAspen,NorthernFlicker
15,2.70805020110221,5.5,34.5,1.64,43.8,15,TremblingAspen,NorthernFlicker
14,2.6390573296152584,6.5,40,2.4,27.7,0,TremblingAspen,NorthernFlicker
14,2.772588722239781,6.3,30,4.15,35.3,0,TremblingAspen,NorthernFlicker
14,2.6390573296152584,6.1,45,2.93,33.7,2,TremblingAspen,NorthernFlicker
13,2.772588722239781,5.6,37,2.78,39.8,0,TremblingAspen,NorthernFlicker
13,2.5649493574615367,6.1,36,2.8,36.9,14,TremblingAspen,NorthernFlicker
13,2.833213344056216,6,13.5,1.62,36.9,10,TremblingAspen,NorthernFlicker
13,2.70805020110221,6.5,28,1.52,42.1,0,LodgepolePine,NorthernFlicker
13,2.9444389791664403,6.5,34,1.3,27.4,0,TremblingAspen,NorthernFlicker
13,2.8903717578961645,5.2,33.8,1.5,26.9,20,TremblingAspen,NorthernFlicker
12,2.9444389791664403,8.8,35,2.03,40.4,12,TremblingAspen,NorthernFlicker
12,2.4849066497880004,6.4,26,3.56,31.2,5,TremblingAspen,NorthernFlicker
12,2.8903717578961645,5.9,26,3.8,49,0,TremblingAspen,NorthernFlicker
12,2.6390573296152584,7.5,50,6.83,37.9,11,TremblingAspen,NorthernFlicker
12,2.6390573296152584,4.9,46,1.87,25.8,6,TremblingAspen,NorthernFlicker
11,2.6390573296152584,6,39,2.59,31.5,9,TremblingAspen,NorthernFlicker
11,2.4849066497880004,8,36,1.92,53.5,9,TremblingAspen,NorthernFlicker
11,2.302585092994046,3.5,10.5,2.79,26.4,10,TremblingAspen,RedNapedSapsucker
11,2.8903717578961645,6.4,13,4.66,31.8,30,TremblingAspen,NorthernFlicker
11,2.833213344056216,6.2,32.5,2.3,32.5,7,TremblingAspen,NorthernFlicker
11,2.5649493574615367,7.5,25,2,23.7,0,TremblingAspen,NorthernFlicker
11,2.5649493574615367,6,36,3.21,36.6,3,TremblingAspen,NorthernFlicker
11,2.5649493574615367,6,36,3.21,36.6,3,TremblingAspen,NorthernFlicker
11,2.5649493574615367,6.1,32,2.08,57.3,0,TremblingAspen,NorthernFlicker
11,2.4849066497880004,7,38,3.98,34.4,6,TremblingAspen,NorthernFlicker
11,2.5649493574615367,5.9,38,1.72,30.9,12,TremblingAspen,NorthernFlicker
11,2.995732273553991,6,40,2.6,36.6,4,LodgepolePine,NorthernFlicker
11,2.772588722239781,6.6,41,3.26,42,0,TremblingAspen,NorthernFlicker
11,2.5649493574615367,7.6,16,2.33,28.6,0,TremblingAspen,NorthernFlicker
11,2.3978952727983707,6.9,26,4.04,37.2,8,TremblingAspen,NorthernFlicker
10,2.70805020110221,6.8,36,5.54,28.6,40,TremblingAspen,NorthernFlicker
10,2.302585092994046,6,37,3,43.7,0,TremblingAspen,NorthernFlicker
10,2.8903717578961645,7.1,36,2.42,37.9,0,LodgepolePine,NorthernFlicker
10,2.833213344056216,6.5,22.5,1,50,4,TremblingAspen,NorthernFlicker
10,2.833213344056216,8.2,35,2.76,30.8,7,TremblingAspen,NorthernFlicker
10,2.833213344056216,3.7,21,4.95,25,6,TremblingAspen,RedNapedSapsucker
10,2.70805020110221,6.1,43,1.35,31.2,0,LodgepolePine,NorthernFlicker
10,2.6390573296152584,6.6,32,2.31,42.3,13,TremblingAspen,NorthernFlicker
10,2.3978952727983707,6,36,5.73,58.9,0,TremblingAspen,NorthernFlicker
10,2.302585092994046,6.5,35,1.5,33.4,0,TremblingAspen,NorthernFlicker
10,2.9444389791664403,7.6,47,1.73,31.8,10,TremblingAspen,NorthernFlicker
10,2.70805020110221,6.9,36,4.23,32.1,20,TremblingAspen,NorthernFlicker
10,2.5649493574615367,7.4,36,2.92,41.4,0,TremblingAspen,NorthernFlicker
10,2.5649493574615367,6.3,34,3.82,38.2,22,TremblingAspen,NorthernFlicker
10,2.4849066497880004,5.8,37,1.86,33.4,15,TremblingAspen,NorthernFlicker
9,2.6390573296152584,6.6,47,2.54,31.2,6,TremblingAspen,NorthernFlicker
9,2.4849066497880004,6.2,42,2.51,43.3,0,TremblingAspen,NorthernFlicker
9,2.1972245773362196,5.9,29,4.61,34.7,6,TremblingAspen,NorthernFlicker
9,2.70805020110221,6.5,40,1.8,31.7,12,TremblingAspen,NorthernFlicker
9,2.70805020110221,6.4,38,1.58,34.7,15,TremblingAspen,NorthernFlicker
9,2.70805020110221,6,36,3.2,32.1,5,TremblingAspen,NorthernFlicker
9,2.6390573296152584,6.6,34,3.57,31.8,15,TremblingAspen,NorthernFlicker
9,2.5649493574615367,6.5,42,3.2,57.3,7,TremblingAspen,NorthernFlicker
9,2.3978952727983707,5.4,35,3.77,24.8,16,TremblingAspen,NorthernFlicker
9,2.302585092994046,5.9,41,2.47,39.8,0,TremblingAspen,NorthernFlicker
9,2.1972245773362196,7,39,2.33,29.6,0,TremblingAspen,NorthernFlicker
9,2.8903717578961645,3.4,15.6,2.5,24.3,5,TremblingAspen,HairyWoodpecker
9,2.833213344056216,6,31,3.59,37.9,7,TremblingAspen,NorthernFlicker
9,2.772588722239781,6.7,39,1.3,39.8,0,TremblingAspen,NorthernFlicker
9,2.6390573296152584,5.7,41,4.73,31.7,10,TremblingAspen,NorthernFlicker
9,2.6390573296152584,4.7,21,2.82,29.8,13,TremblingAspen,RedNapedSapsucker
9,2.5649493574615367,5.9,9.5,3.21,28.1,11,TremblingAspen,NorthernFlicker
9,2.5649493574615367,7.5,50,0.99,48.7,0,TremblingAspen,NorthernFlicker
9,2.4849066497880004,7,37,1.99,24.8,0,TremblingAspen,NorthernFlicker
9,2.4849066497880004,6.7,43,4.74,39.2,0,TremblingAspen,NorthernFlicker
9,2.302585092994046,6.5,30,2.11,27.1,0,TremblingAspen,NorthernFlicker
9,2.302585092994046,6.8,46,1.87,44.6,0,TremblingAspen,NorthernFlicker
9,2.302585092994046,6,33,4.85,20.4,0,TremblingAspen,NorthernFlicker
9,2.1972245773362196,6.5,44,3.19,36,12,TremblingAspen,NorthernFlicker
9,2.1972245773362196,6.6,36,2.92,26.4,26,TremblingAspen,NorthernFlicker
9,1.9459101490553132,3.8,17,4,52.1,5,TremblingAspen,RedNapedSapsucker
9,2.772588722239781,6.2,25.5,2.01,52.4,8,TremblingAspen,NorthernFlicker
9,2.70805020110221,6.5,40,1.64,37.9,10,TremblingAspen,NorthernFlicker
9,2.4849066497880004,8.8,26,3.13,38.2,18,TremblingAspen,NorthernFlicker
9,2.302585092994046,7.1,44,3.99,45.8,17,TremblingAspen,NorthernFlicker
9,2.1972245773362196,6.1,52,3.6,22.4,3,TremblingAspen,NorthernFlicker
9,2.1972245773362196,7,40,3,53.5,9,TremblingAspen,NorthernFlicker
9,2.302585092994046,5.5,8,0.81,49,10,TremblingAspen,NotExcavated
8,2.6390573296152584,6.7,33,2.41,40.7,14,TremblingAspen,NorthernFlicker
8,2.0794415416798357,6.3,47,3.49,29,1,TremblingAspen,NorthernFlicker
8,2.833213344056216,6.8,41,1.96,50.9,9,TremblingAspen,NorthernFlicker
8,2.772588722239781,4.5,19.5,2.71,25.3,9,TremblingAspen,RedNapedSapsucker
8,2.772588722239781,6,49,5.93,33.1,16,TremblingAspen,NorthernFlicker
8,2.70805020110221,6.2,34,4.57,36,21,TremblingAspen,NorthernFlicker
8,2.6390573296152584,7.5,40,2.28,50.9,10,TremblingAspen,NorthernFlicker
8,2.6390573296152584,6.4,38,4.94,33.4,15,TremblingAspen,NorthernFlicker
8,2.5649493574615367,7,37,3.3,35,20,TremblingAspen,NorthernFlicker
8,2.4849066497880004,6.6,32,2.77,46.2,16,TremblingAspen,NorthernFlicker
8,2.3978952727983707,8,31,2.19,51.9,0,TremblingAspen,NorthernFlicker
8,2.3978952727983707,6.5,30,2.5,27.1,8,TremblingAspen,NorthernFlicker
8,2.3978952727983707,6.2,41,2.49,32.5,9,TremblingAspen,NorthernFlicker
8,2.1972245773362196,4.5,22,4.28,25.3,0,TremblingAspen,HairyWoodpecker
8,2.9444389791664403,6.2,37,1.47,34.4,0,TremblingAspen,NorthernFlicker
8,2.70805020110221,6.5,36,3.94,30.9,0,TremblingAspen,NorthernFlicker
8,2.70805020110221,6.4,42,1.82,45.5,8,TremblingAspen,NorthernFlicker
8,2.6390573296152584,6.1,45,5.03,38.8,6,TremblingAspen,NorthernFlicker
8,2.4849066497880004,7.2,41,3.84,23.6,11,TremblingAspen,NorthernFlicker
8,2.302585092994046,7.4,32,5.6,31.8,16,TremblingAspen,NorthernFlicker
8,2.302585092994046,5,36,1.27,33.7,0,TremblingAspen,NorthernFlicker
8,2.1972245773362196,5,26,3.07,25,10,TremblingAspen,NotExcavated
8,2.1972245773362196,5.9,32,1.84,32.5,0,TremblingAspen,NorthernFlicker
8,2.1972245773362196,5.5,38,4.1,42.3,19,TremblingAspen,NorthernFlicker
8,2.0794415416798357,6.5,38,1.52,27.4,19,TremblingAspen,NorthernFlicker
8,2.0794415416798357,6.2,36,4.9,57.6,0,TremblingAspen,NorthernFlicker
8,1.791759469228055,4.5,21,2.27,22.8,40,TremblingAspen,HairyWoodpecker
8,2.833213344056216,5,32,2.92,38.5,0,TremblingAspen,NorthernFlicker
8,2.70805020110221,5.9,44,1.29,36.3,0,TremblingAspen,NorthernFlicker
8,2.6390573296152584,6.5,39,4.55,31.2,3,TremblingAspen,NorthernFlicker
8,2.4849066497880004,3,9,1.45,20.9,14,TremblingAspen,RedBreastedNuthatch
8,2.4849066497880004,6.3,38,1.68,26.4,24,TremblingAspen,NorthernFlicker
8,2.3978952727983707,9.6,41,5.26,34.4,0,TremblingAspen,NorthernFlicker
8,2.3978952727983707,7.4,30,1.64,52.2,0,TremblingAspen,NorthernFlicker
8,2.302585092994046,8.1,34,3.2,32.1,0,TremblingAspen,NorthernFlicker
8,2.1972245773362196,5.5,31,3.47,38.8,0,TremblingAspen,NorthernFlicker
8,2.0794415416798357,6.9,32,2.23,35.7,0,TremblingAspen,NorthernFlicker
8,2.0794415416798357,7.1,35,2.49,24.8,2,TremblingAspen,NorthernFlicker
8,1.791759469228055,6.2,40,1.58,36.6,0,TremblingAspen,NorthernFlicker
8,2.5649493574615367,6.1,37,4.75,25.8,8,TremblingAspen,NorthernFlicker
8,2.5649493574615367,6.3,36,1.58,60.5,18,TremblingAspen,NorthernFlicker
8,2.4849066497880004,5.3,21,1.1,45.5,0,LodgepolePine,NorthernFlicker
8,2.302585092994046,5.7,47,2.36,29.6,18,TremblingAspen,NorthernFlicker
8,2.1972245773362196,6.6,47,4.05,32.5,0,TremblingAspen,NorthernFlicker
8,2.0794415416798357,3,23,0.8,62.3,0,LodgepolePine,NotExcavated
7,2.3978952727983707,6.1,32,3.62,33.1,5,TremblingAspen,NorthernFlicker
7,2.1972245773362196,9,49,5.6,43.9,17,TremblingAspen,NorthernFlicker
7,2.4849066497880004,3.5,20,3.23,31.4,12,TremblingAspen,RedNapedSapsucker
7,2.3978952727983707,2.9,10.2,2.68,19.8,0,TremblingAspen,DownyWoodpecker
7,2.3978952727983707,6,36,2.38,40.4,2,TremblingAspen,NorthernFlicker
7,2.302585092994046,7.5,65,2.16,22.6,2,TremblingAspen,NorthernFlicker
7,2.1972245773362196,5.9,33,2.08,39.2,4,TremblingAspen,NorthernFlicker
7,2.1972245773362196,6.7,36,4.84,33.4,0,TremblingAspen,NorthernFlicker
7,2.0794415416798357,6.1,28,2.16,36.6,8,TremblingAspen,NorthernFlicker
7,2.0794415416798357,6.3,50,4.61,23.6,0,TremblingAspen,NorthernFlicker
7,1.9459101490553132,3,18,4.2,17.8,15,TremblingAspen,DownyWoodpecker
7,1.9459101490553132,6.1,31,1.16,25.1,0,TremblingAspen,NorthernFlicker
7,2.8903717578961645,6.2,38,2,38.2,6,TremblingAspen,NorthernFlicker
7,2.833213344056216,8,9.5,2.73,36.7,0,TremblingAspen,NorthernFlicker
7,2.772588722239781,9,34,4.32,44.6,22,TremblingAspen,NorthernFlicker
7,2.70805020110221,5.8,115,1.9,55.3,6,TremblingAspen,NorthernFlicker
7,2.70805020110221,5.8,52,5.62,28,12,TremblingAspen,NorthernFlicker
7,2.70805020110221,6.3,51,1.66,37.2,10,TremblingAspen,NorthernFlicker
7,2.4849066497880004,6,28.5,0.69,27.5,0,TremblingAspen,NorthernFlicker
7,2.3978952727983707,6.7,29,1.88,25.5,12,TremblingAspen,NorthernFlicker
7,2.302585092994046,5,21,5.81,34.3,25,TremblingAspen,HairyWoodpecker
7,2.302585092994046,6.8,33,4.96,43.3,8,TremblingAspen,NorthernFlicker
7,2.302585092994046,6.5,35,3.27,62.4,0,TremblingAspen,NorthernFlicker
7,2.1972245773362196,3.5,14,2.3,28.5,25,TremblingAspen,RedNapedSapsucker
7,2.1972245773362196,5.5,30,4.04,49.7,0,TremblingAspen,NorthernFlicker
7,2.1972245773362196,6.6,32,1.32,32.1,0,TremblingAspen,NorthernFlicker
7,2.1972245773362196,5.5,31,4.26,37.6,0,TremblingAspen,NorthernFlicker
7,2.0794415416798357,6,30,4.48,36,8,TremblingAspen,NorthernFlicker
7,2.0794415416798357,5.6,48,3.86,34.4,9,TremblingAspen,NorthernFlicker
7,1.9459101490553132,6.6,31,4.14,27.7,5,TremblingAspen,NorthernFlicker
7,1.9459101490553132,7,32,2.67,29.9,30,TremblingAspen,NorthernFlicker
7,1.791759469228055,4,23,3.65,27.3,0,TremblingAspen,RedNapedSapsucker
7,1.791759469228055,5.5,25,2.43,45,15,TremblingAspen,NorthernFlicker
7,2.70805020110221,6.2,49,1.6,31.5,18,TremblingAspen,NorthernFlicker
7,2.6390573296152584,6,35,1.92,32.5,6,TremblingAspen,NorthernFlicker
7,2.3978952727983707,5.6,8.5,4.75,20.1,10,TremblingAspen,NorthernFlicker
7,2.3978952727983707,5.9,37,3.57,28.6,2,TremblingAspen,NorthernFlicker
7,2.302585092994046,5.4,37,1.98,34.7,10,TremblingAspen,NorthernFlicker
7,2.302585092994046,5.8,45,3.06,35.7,0,TremblingAspen,NorthernFlicker
7,2.1972245773362196,5.9,46,1.93,31.4,4,TremblingAspen,NorthernFlicker
7,2.1972245773362196,6,41,1.27,36,0,TremblingAspen,NorthernFlicker
7,2.1972245773362196,7.3,7,3.92,29.9,0,TremblingAspen,NorthernFlicker
7,2.1972245773362196,6.5,48,2.85,33.7,7,TremblingAspen,NorthernFlicker
7,2.1972245773362196,5.5,46,0.89,28.6,0,TremblingAspen,NorthernFlicker
7,2.0794415416798357,7.3,45,2.04,34.7,11,TremblingAspen,NorthernFlicker
7,2.0794415416798357,5.8,34,6.14,33.7,8,TremblingAspen,NorthernFlicker
7,1.9459101490553132,7.5,32,3.1,27.6,0,TremblingAspen,NorthernFlicker
7,1.9459101490553132,5.5,45,1.96,23.9,0,TremblingAspen,NorthernFlicker
7,1.9459101490553132,5.4,26,1.49,30.6,0,TremblingAspen,NorthernFlicker
7,1.791759469228055,6.5,37.5,1.92,26.3,10,TremblingAspen,NorthernFlicker
7,2.70805020110221,6.1,45,1.86,34.2,15,TremblingAspen,NorthernFlicker
7,2.70805020110221,6.8,34,1.1,31.2,2,TremblingAspen,NorthernFlicker
7,2.5649493574615367,6.1,45,1.86,34.4,15,TremblingAspen,NorthernFlicker
7,2.5649493574615367,7.8,36,3,27.4,0,TremblingAspen,NorthernFlicker
7,2.4849066497880004,5,8.5,1.28,26.1,10,TremblingAspen,NorthernFlicker
7,2.4849066497880004,5.8,41,2.4,22.3,4,TremblingAspen,NorthernFlicker
7,2.0794415416798357,6.6,34,2.04,22.6,17,TremblingAspen,NorthernFlicker
6,2.4849066497880004,7.4,36,3.29,29.9,7,TremblingAspen,NorthernFlicker
6,2.3978952727983707,6.1,38,1.25,35.4,5,TremblingAspen,NorthernFlicker
6,2.3978952727983707,6,38,3.12,43.3,2,TremblingAspen,NorthernFlicker
6,2.302585092994046,4.5,21,4.15,35.9,5,TremblingAspen,HairyWoodpecker
6,2.0794415416798357,6.5,40,1.44,23.9,0,TremblingAspen,NorthernFlicker
6,1.9459101490553132,6,35,2.87,57.6,0,TremblingAspen,NorthernFlicker
6,1.9459101490553132,6.2,33,2.34,46.8,0,TremblingAspen,NorthernFlicker
6,1.791759469228055,5.6,41,3.7,37.2,0,TremblingAspen,NorthernFlicker
6,1.3862943611198906,3.8,12.5,3.23,26.5,8,TremblingAspen,RedNapedSapsucker
6,2.70805020110221,7.8,35,5.17,40.4,0,TremblingAspen,NorthernFlicker
6,2.6390573296152584,5.9,42,4.1,34.7,6,TremblingAspen,NorthernFlicker
6,2.6390573296152584,7.5,40,2.29,50.6,12,TremblingAspen,NorthernFlicker
6,2.4849066497880004,5.5,35,3.52,43.8,3,TremblingAspen,NorthernFlicker
6,2.4849066497880004,6,43,2.25,44.6,0,TremblingAspen,NorthernFlicker
6,2.3978952727983707,5,25.4,2.62,23.4,16,TremblingAspen,RedNapedSapsucker
6,2.3978952727983707,6,36,4.04,40.1,14,TremblingAspen,NorthernFlicker
6,2.302585092994046,4,11,1.8,20.4,0,TremblingAspen,RedNapedSapsucker
6,2.302585092994046,6.5,31,3.42,26.7,2,TremblingAspen,NorthernFlicker
6,2.1972245773362196,5.9,28.5,1.94,51.6,10,TremblingAspen,NorthernFlicker
6,2.1972245773362196,6.2,45,1.89,31.5,0,TremblingAspen,NorthernFlicker
6,2.1972245773362196,5.6,25,2.59,23.2,20,TremblingAspen,NorthernFlicker
6,2.1972245773362196,6.5,36,1.41,36.6,0,LodgepolePine,NorthernFlicker
6,2.1972245773362196,8.1,35,4.66,32.8,16,TremblingAspen,NorthernFlicker
6,2.1972245773362196,5.9,33,3.54,51.2,7,TremblingAspen,NorthernFlicker
6,2.0794415416798357,4,18.5,4.35,29.9,0,TremblingAspen,HairyWoodpecker
6,2.0794415416798357,6.1,29,4,53.9,15,TremblingAspen,NorthernFlicker
6,2.0794415416798357,6.3,38,1.19,27.4,0,TremblingAspen,NorthernFlicker
6,2.0794415416798357,7,45,2.85,28,10,TremblingAspen,NorthernFlicker
6,2.0794415416798357,6.1,34,3.45,26.7,30,TremblingAspen,NorthernFlicker
6,2.0794415416798357,6.6,35,2.75,29,20,TremblingAspen,NorthernFlicker
6,2.0794415416798357,6,35,2.38,28.6,25,TremblingAspen,NorthernFlicker
6,2.0794415416798357,7,35,3.15,32.1,0,TremblingAspen,NorthernFlicker
6,1.9459101490553132,6.8,29,3.4,21.5,3,TremblingAspen,NorthernFlicker
6,1.9459101490553132,6.8,19,3.23,40.1,18,TremblingAspen,NorthernFlicker
6,1.9459101490553132,5.9,45,5.4,27.4,7,TremblingAspen,NorthernFlicker
6,1.791759469228055,4,22,4.4,30.7,20,TremblingAspen,RedNapedSapsucker
6,1.791759469228055,7.6,34,1.82,35.7,0,TremblingAspen,NorthernFlicker
6,1.791759469228055,5.7,30,1.72,25.8,17,TremblingAspen,NorthernFlicker
6,1.6094379124341003,5.5,40.6,2.2,36.5,0,TremblingAspen,NorthernFlicker
6,1.6094379124341003,6.5,16,1.9,29.8,0,TremblingAspen,NorthernFlicker
6,2.9444389791664403,6.2,25,1.92,43.3,2,TremblingAspen,NorthernFlicker
6,2.833213344056216,5.7,28,3.63,32.1,0,TremblingAspen,NorthernFlicker
6,2.772588722239781,3.5,16,3.57,32.3,13,TremblingAspen,RedNapedSapsucker
6,2.5649493574615367,5.9,53,1.43,49.7,8,TremblingAspen,NorthernFlicker
6,2.5649493574615367,5.8,32,2.6,30.2,18,TremblingAspen,NorthernFlicker
6,2.4849066497880004,5.8,49,4.85,33.1,22,TremblingAspen,NorthernFlicker
6,2.3978952727983707,3.5,12.9,4.27,22.2,15,TremblingAspen,DownyWoodpecker
6,2.3978952727983707,7.3,32,2.42,33.7,25,TremblingAspen,NorthernFlicker
6,2.302585092994046,5.5,11,1.23,31,20,TremblingAspen,NorthernFlicker
6,2.302585092994046,6.1,32,3.8,34.4,10,TremblingAspen,NorthernFlicker
6,2.302585092994046,6.2,38,1.14,30.6,0,TremblingAspen,NorthernFlicker
6,2.302585092994046,7.3,37,5.83,33.4,10,TremblingAspen,NorthernFlicker
6,2.1972245773362196,4,18,2.79,28,15,TremblingAspen,RedNapedSapsucker
6,2.1972245773362196,6.1,37.9,1.22,27.4,10,TremblingAspen,NorthernFlicker
6,2.1972245773362196,5,14,4,32.9,5,TremblingAspen,RedNapedSapsucker
6,2.1972245773362196,6.9,44,5.03,40.4,4,TremblingAspen,NorthernFlicker
6,2.1972245773362196,5.8,31,3.45,24.2,1,TremblingAspen,NorthernFlicker
6,2.0794415416798357,6.8,39.5,1.06,25.7,9,TremblingAspen,NorthernFlicker
6,2.0794415416798357,6.5,27,5.31,32.5,0,TremblingAspen,NorthernFlicker
6,2.0794415416798357,5.9,32,3.93,54.1,0,TremblingAspen,NorthernFlicker
6,1.9459101490553132,6.2,28,4,34.7,8,TremblingAspen,NorthernFlicker
6,1.9459101490553132,6.1,49,3.42,29.6,10,TremblingAspen,NorthernFlicker
6,1.791759469228055,5.7,32,6.7,37.6,12,TremblingAspen,NorthernFlicker
6,1.791759469228055,6.1,33,1.7,40.1,9,TremblingAspen,NorthernFlicker
6,1.791759469228055,6.5,43,5.42,33.1,2,TremblingAspen,NorthernFlicker
6,1.791759469228055,6,37,3.37,32.5,27,TremblingAspen,NorthernFlicker
6,2.70805020110221,6.1,48,1.36,39.2,4,TremblingAspen,NorthernFlicker
6,2.302585092994046,7.6,34,5.29,53.2,0,LodgepolePine,NorthernFlicker
6,2.1972245773362196,5.8,41,1.67,29,0,TremblingAspen,NorthernFlicker
6,2.1972245773362196,8,29,3.75,27.1,0,TremblingAspen,NorthernFlicker
6,1.9459101490553132,6.5,50,2.85,31.5,0,TremblingAspen,NorthernFlicker
6,1.791759469228055,6.5,29,1.67,40.7,5,TremblingAspen,NorthernFlicker
5,2.5649493574615367,6.3,37.6,1.61,38.8,10,TremblingAspen,NorthernFlicker
5,2.5649493574615367,7.5,56,1.92,34.4,12,TremblingAspen,NorthernFlicker
5,2.1972245773362196,8.9,43,2.88,42.3,10,TremblingAspen,NorthernFlicker
5,2.0794415416798357,5.7,67,2.96,45.5,0,TremblingAspen,NorthernFlicker
5,1.9459101490553132,4.5,21.4,4.13,35.5,19,TremblingAspen,RedNapedSapsucker
5,1.6094379124341003,6.3,41,2.86,35.3,17,TremblingAspen,NorthernFlicker
5,1.3862943611198906,3.2,16.5,4.27,17.4,0,TremblingAspen,BlackCappedChickadee
5,2.833213344056216,6,38,1.69,28.3,10,TremblingAspen,NorthernFlicker
5,2.5649493574615367,3.5,16,2.85,24.8,15,TremblingAspen,RedNapedSapsucker
5,2.5649493574615367,6,49,1.42,33.4,11,TremblingAspen,NorthernFlicker
5,2.5649493574615367,6.4,32,5.02,35.7,11,TremblingAspen,NorthernFlicker
5,2.5649493574615367,6.5,43,1.36,42.7,1,TremblingAspen,NorthernFlicker
5,2.5649493574615367,6.4,23,5.71,32.5,5,TremblingAspen,NorthernFlicker
5,2.4849066497880004,9.1,47,2.08,28.6,18,TremblingAspen,NorthernFlicker
5,2.4849066497880004,5.6,38,3.14,32.1,7,TremblingAspen,NorthernFlicker
5,2.3978952727983707,6.5,37.5,2.85,30.1,8,TremblingAspen,NorthernFlicker
5,2.3978952727983707,6.4,47,3.64,36.6,15,TremblingAspen,NorthernFlicker
5,2.3978952727983707,5.8,39,1.2,21.6,7,TremblingAspen,NorthernFlicker
5,2.302585092994046,8,36,4.21,34.1,8,TremblingAspen,NorthernFlicker
5,2.302585092994046,6,33,2.87,57.6,23,TremblingAspen,NorthernFlicker
5,2.302585092994046,6.5,32,5.14,33.4,7,TremblingAspen,NorthernFlicker
5,2.1972245773362196,4,19.7,3.85,21.7,0,TremblingAspen,ThreeToedWoodpecker
5,2.1972245773362196,7,20.5,2.41,22.8,0,TremblingAspen,HairyWoodpecker
5,2.1972245773362196,6.9,27,1.19,38.8,9,TremblingAspen,NorthernFlicker
5,2.1972245773362196,6.9,30,5.8,37.9,21,TremblingAspen,NorthernFlicker
5,2.1972245773362196,6.2,52,1.43,22.9,8,TremblingAspen,NorthernFlicker
5,2.1972245773362196,6.4,45,3.36,22.9,1,TremblingAspen,NorthernFlicker
5,2.0794415416798357,5.9,42,2.89,27.7,5,TremblingAspen,NorthernFlicker
5,2.0794415416798357,6.4,41,2.62,36.9,15,TremblingAspen,NorthernFlicker
5,2.0794415416798357,7.2,34,1.61,35.3,16,TremblingAspen,NorthernFlicker
5,1.9459101490553132,5,25.5,3.2,28.3,20,TremblingAspen,HairyWoodpecker
5,1.9459101490553132,6.7,30,4.18,39.5,3,TremblingAspen,NorthernFlicker
5,1.9459101490553132,6.8,40,2.2,40.4,25,TremblingAspen,NorthernFlicker
5,1.791759469228055,3.5,18,3.45,17.2,15,TremblingAspen,DownyWoodpecker
5,1.791759469228055,3.5,29.8,3.19,23.4,10,TremblingAspen,RedNapedSapsucker
5,1.791759469228055,3.5,8,1.17,34.1,15,TremblingAspen,RedBreastedNuthatch
5,1.791759469228055,4,18,4.1,27.6,50,TremblingAspen,RedNapedSapsucker
5,1.791759469228055,5.1,59,3.78,29.6,0,TremblingAspen,NorthernFlicker
5,1.791759469228055,6,33,4.66,37.6,0,LodgepolePine,NorthernFlicker
5,1.791759469228055,6.3,32,5.16,29.3,12,TremblingAspen,NorthernFlicker
5,1.791759469228055,6.6,30,3.51,23.6,51,TremblingAspen,NorthernFlicker
5,1.791759469228055,6.1,41,3.56,43,11,TremblingAspen,NorthernFlicker
5,1.6094379124341003,5,32,3.7,18.5,0,TremblingAspen,HairyWoodpecker
5,1.6094379124341003,4,22,3,18,0,TremblingAspen,RedNapedSapsucker
5,2.772588722239781,5.4,30,2.53,36.3,4,TremblingAspen,NorthernFlicker
5,2.70805020110221,7.5,35,2.6,40.4,0,TremblingAspen,NorthernFlicker
5,2.70805020110221,6,32,3.05,30.2,18,TremblingAspen,NorthernFlicker
5,2.5649493574615367,7,38,1.51,30.6,7,TremblingAspen,NorthernFlicker
5,2.5649493574615367,5,32,3.02,22.3,1,TremblingAspen,NorthernFlicker
5,2.4849066497880004,6,25,1.75,36.6,10,TremblingAspen,NorthernFlicker
5,2.4849066497880004,3.7,16.5,2.74,36.2,16,TremblingAspen,NotExcavated
5,2.4849066497880004,6,50,1.69,36.6,6,TremblingAspen,NorthernFlicker
5,2.3978952727983707,6.8,22,2.2,40.3,5,TremblingAspen,NorthernFlicker
5,2.3978952727983707,7,46,1.59,31.4,11,TremblingAspen,NorthernFlicker
5,2.3978952727983707,7.2,29,3.54,25.5,8,TremblingAspen,NorthernFlicker
5,2.3978952727983707,5.8,33,4.38,29,0,TremblingAspen,NorthernFlicker
5,2.302585092994046,4.5,12.5,1.85,21.7,5,TremblingAspen,RedNapedSapsucker
5,2.302585092994046,4,17.7,4.97,28.2,0,TremblingAspen,ThreeToedWoodpecker
5,2.302585092994046,7,10,3.6,48.8,20,TremblingAspen,NorthernFlicker
5,2.302585092994046,6,18,2.05,36.1,15,TremblingAspen,NorthernFlicker
5,2.302585092994046,8.5,44,1.82,39.8,16,TremblingAspen,NorthernFlicker
5,2.302585092994046,6.2,33,1.53,29.3,15,TremblingAspen,NorthernFlicker
5,2.302585092994046,6,38,2.33,35.3,0,TremblingAspen,NorthernFlicker
5,2.302585092994046,6.7,40,3.48,26.4,10,TremblingAspen,NorthernFlicker
5,2.1972245773362196,5.4,12,1.05,74.4,10,TremblingAspen,NotExcavated
5,2.1972245773362196,7,26,2.04,38.2,0,TremblingAspen,NorthernFlicker
5,2.1972245773362196,6.7,42,4.46,36.6,24,TremblingAspen,NorthernFlicker
5,2.1972245773362196,6,33,3.85,45.5,12,TremblingAspen,NorthernFlicker
5,2.0794415416798357,4,19.5,3.66,28.5,0,TremblingAspen,RedNapedSapsucker
5,2.0794415416798357,6,40,1.39,37.1,5,TremblingAspen,NorthernFlicker
5,2.0794415416798357,5.2,0,1.41,24.5,11,LodgepolePine,NotExcavated
5,2.0794415416798357,5.7,35,5.16,44.6,0,TremblingAspen,NorthernFlicker
5,2.0794415416798357,6.7,38,4.37,39.8,5,LodgepolePine,NorthernFlicker
5,1.9459101490553132,4.5,19,5,33,0,TremblingAspen,RedNapedSapsucker
5,1.9459101490553132,2.3,7,2.9,21.9,35,TremblingAspen,NotExcavated
5,1.9459101490553132,5.7,38,5.82,32.5,0,TremblingAspen,NorthernFlicker
5,1.9459101490553132,6.8,44,3.52,52.5,12,TremblingAspen,NorthernFlicker
5,1.9459101490553132,6.8,33,2.82,24.2,42,TremblingAspen,NorthernFlicker
5,1.791759469228055,2,10,3.01,36.3,100,TremblingAspen,RedBreastedNuthatch
5,1.791759469228055,7,62,2.43,36.9,9,TremblingAspen,NorthernFlicker
5,1.791759469228055,6.8,46,3.48,38.2,5,TremblingAspen,NorthernFlicker
5,1.791759469228055,5.5,45,5,42,0,TremblingAspen,NorthernFlicker
5,1.791759469228055,5.6,44,3.25,37.6,16,TremblingAspen,NorthernFlicker
5,1.6094379124341003,3.1,9.5,7,26,10,TremblingAspen,RedBreastedNuthatch
5,1.6094379124341003,5.9,43,6.46,37.2,0,TremblingAspen,NorthernFlicker
5,1.6094379124341003,7,38,3.35,32.5,0,TremblingAspen,NorthernFlicker
5,1.6094379124341003,6.7,41,5.54,31.2,5,TremblingAspen,NorthernFlicker
5,1.3862943611198906,3.7,19,3.23,27.5,15,TremblingAspen,RedNapedSapsucker
5,2.833213344056216,6.5,41,4.18,25.1,0,TremblingAspen,NorthernFlicker
5,2.70805020110221,6,52,3.5,34.7,7,TremblingAspen,NorthernFlicker
5,2.1972245773362196,7,14.5,3.72,33.9,5,TremblingAspen,NorthernFlicker
5,2.1972245773362196,6.6,37,3.49,38.8,19,TremblingAspen,NorthernFlicker
5,2.0794415416798357,6,43,4.09,46.2,11,LodgepolePine,NorthernFlicker
5,2.0794415416798357,6.6,30,4.76,44.2,13,TremblingAspen,NorthernFlicker
5,1.9459101490553132,5.4,24.2,2.1,46.4,0,TremblingAspen,NorthernFlicker
5,1.9459101490553132,6.2,31,4.69,34.4,15,TremblingAspen,NorthernFlicker
5,1.791759469228055,6.5,39,1.35,42,0,LodgepolePine,NorthernFlicker
5,1.6094379124341003,6.4,27,4.93,37.2,7,TremblingAspen,NorthernFlicker
4,1.791759469228055,6.5,33,2.34,32.8,6,TremblingAspen,NorthernFlicker
4,2.70805020110221,6.4,37,4.16,36,16,TremblingAspen,NorthernFlicker
4,2.5649493574615367,5.8,12.6,0.85,39,0,TremblingAspen,NorthernFlicker
4,2.4849066497880004,7.2,27,2,38.8,0,TremblingAspen,NorthernFlicker
4,2.4849066497880004,6.1,41,3.58,44.6,21,TremblingAspen,NorthernFlicker
4,2.3978952727983707,3.5,21,3.34,56.2,6,TremblingAspen,RedNapedSapsucker
4,2.3978952727983707,6.1,29,4,52.8,9,TremblingAspen,NorthernFlicker
4,2.3978952727983707,5.8,29,5.81,33.7,17,TremblingAspen,NorthernFlicker
4,2.302585092994046,6.5,18,1.84,29.1,0,LodgepolePine,ThreeToedWoodpecker
4,2.302585092994046,7,29,0.94,32.5,0,TremblingAspen,NorthernFlicker
4,2.302585092994046,8.4,48,5.12,27.1,0,TremblingAspen,NorthernFlicker
4,2.302585092994046,6,33,2,30.6,6,TremblingAspen,NorthernFlicker
4,2.1972245773362196,6.5,42,3.9,22.4,0,TremblingAspen,PileatedWoodpecker
4,2.0794415416798357,4.8,33,1.07,43.3,20,TremblingAspen,NorthernFlicker
4,1.9459101490553132,7.5,42,3.18,41.1,12,TremblingAspen,NorthernFlicker
4,1.9459101490553132,6.6,32,2.36,48.4,10,TremblingAspen,NorthernFlicker
4,1.9459101490553132,5.6,37,2.24,34.1,58,TremblingAspen,NorthernFlicker
4,1.9459101490553132,7.3,46,1.84,27.1,26,TremblingAspen,NorthernFlicker
4,1.9459101490553132,6.3,41,2.26,42,9,TremblingAspen,NorthernFlicker
4,1.791759469228055,5.5,12.5,4.25,24.6,0,TremblingAspen,HairyWoodpecker
4,1.791759469228055,5.7,37.7,4.7,29.2,0,TremblingAspen,NorthernFlicker
4,1.791759469228055,6.5,51,1.54,23.9,7,TremblingAspen,NorthernFlicker
4,1.791759469228055,8.8,37,6.27,31.5,1,TremblingAspen,NorthernFlicker
4,1.791759469228055,7.6,51,5.15,37.2,8,TremblingAspen,NorthernFlicker
4,1.791759469228055,5.8,21,4.89,43,10,TremblingAspen,NorthernFlicker
4,1.791759469228055,7,33,4.7,52.5,7,TremblingAspen,NorthernFlicker
4,1.6094379124341003,3,15,2,19.8,0,TremblingAspen,DownyWoodpecker
4,1.6094379124341003,5,25,5.95,20.4,15,TremblingAspen,HairyWoodpecker
4,1.6094379124341003,7.6,45,5.74,45.5,7,LodgepolePine,NorthernFlicker
4,1.6094379124341003,7.1,38,3.2,27.4,7,TremblingAspen,NorthernFlicker
4,1.6094379124341003,6.3,38,2.87,41.7,19,TremblingAspen,NorthernFlicker
4,1.3862943611198906,4.2,27,4.4,24.2,30,TremblingAspen,RedNapedSapsucker
4,1.3862943611198906,5.7,37,1.97,36.3,10,TremblingAspen,NorthernFlicker
4,1.3862943611198906,5.8,49,1.43,46.8,0,TremblingAspen,NorthernFlicker
4,1.3862943611198906,4.7,36,4.42,36,0,TremblingAspen,NorthernFlicker
4,1.3862943611198906,5.7,45,2,36.6,0,TremblingAspen,NorthernFlicker
4,1.3862943611198906,5.9,30,5.83,41.1,12,TremblingAspen,NorthernFlicker
4,1.3862943611198906,5.7,41,4.73,32.1,7,TremblingAspen,NorthernFlicker
4,1.3862943611198906,8,34,1.83,31.2,32,TremblingAspen,NorthernFlicker
4,1.0986122886681098,4,17,4.6,34.1,40,TremblingAspen,HairyWoodpecker
4,2.8903717578961645,8.7,37,2.69,30.6,7,TremblingAspen,NorthernFlicker
4,2.6390573296152584,5,22.6,3.95,29.6,8,TremblingAspen,NorthernFlicker
4,2.6390573296152584,5.9,40,5.47,38.8,0,TremblingAspen,NorthernFlicker
4,2.6390573296152584,5.2,43,2.74,29.6,10,TremblingAspen,NorthernFlicker
4,2.6390573296152584,6.7,43,3.46,36.6,16,TremblingAspen,NorthernFlicker
4,2.5649493574615367,5.1,75,1.93,58.3,16,TremblingAspen,NorthernFlicker
4,2.5649493574615367,7.4,35,4.55,40.7,12,TremblingAspen,NorthernFlicker
4,2.4849066497880004,5.5,45.5,1.67,36.6,11,TremblingAspen,NorthernFlicker
4,2.4849066497880004,7.8,51,5.28,40.4,0,TremblingAspen,NorthernFlicker
4,2.3978952727983707,6,34,2.45,19.8,0,TremblingAspen,NorthernFlicker
4,2.3978952727983707,7.2,30,2.48,22.9,3,TremblingAspen,NorthernFlicker
4,2.302585092994046,6.5,33,0.72,29,10,TremblingAspen,NorthernFlicker
4,2.302585092994046,7.4,35,4.33,34.7,100,TremblingAspen,NorthernFlicker
4,2.302585092994046,7,37,2.4,35,12,TremblingAspen,NorthernFlicker
4,2.302585092994046,11.1,43,4.71,35,0,TremblingAspen,NorthernFlicker
4,2.302585092994046,6.1,40,3.74,29.3,12,TremblingAspen,NorthernFlicker
4,2.1972245773362196,3,17,4.74,24,15,TremblingAspen,RedBreastedNuthatch
4,2.1972245773362196,8.5,43,4.06,31.8,19,TremblingAspen,NorthernFlicker
4,2.1972245773362196,6,44,2.65,30.6,8,TremblingAspen,NorthernFlicker
4,2.1972245773362196,7,34,4.85,36,5,TremblingAspen,NorthernFlicker
4,2.1972245773362196,6.7,33,3.9,53.2,0,TremblingAspen,NorthernFlicker
4,2.1972245773362196,7.6,30,2.9,21,4,TremblingAspen,NorthernFlicker
4,2.1972245773362196,6.1,51,1.83,31.5,5,TremblingAspen,NorthernFlicker
4,2.0794415416798357,4.1,23,4.11,33,0,TremblingAspen,RedNapedSapsucker
4,2.0794415416798357,2.4,11.2,3.8,18.1,10,TremblingAspen,NotExcavated
4,2.0794415416798357,3.8,14,4.68,16.1,10,TremblingAspen,NotExcavated
4,2.0794415416798357,5.5,36,0.77,31.4,4,TremblingAspen,NorthernFlicker
4,2.0794415416798357,7.5,2,1.19,32.5,9,LodgepolePine,NorthernFlicker
4,2.0794415416798357,5.5,42,2.54,33.7,0,TremblingAspen,NorthernFlicker
4,2.0794415416798357,6,35,2.8,33.7,9,TremblingAspen,NorthernFlicker
4,1.9459101490553132,3,9,3.16,21.2,3,TremblingAspen,RedBreastedNuthatch
4,1.9459101490553132,5.6,34,3.84,31.5,2,TremblingAspen,NorthernFlicker
4,1.791759469228055,7,3.5,2.5,30.5,0,TremblingAspen,NorthernFlicker
4,1.791759469228055,6.3,35,3.8,25.1,17,TremblingAspen,NorthernFlicker
4,1.791759469228055,6.7,46,4,44.6,14,TremblingAspen,NorthernFlicker
4,1.791759469228055,7,36,3.91,29.3,57,TremblingAspen,NorthernFlicker
4,1.791759469228055,7.5,28,5.64,38.5,18,TremblingAspen,NorthernFlicker
4,1.791759469228055,6.4,33,5.85,38.2,1,TremblingAspen,NorthernFlicker
4,1.791759469228055,6,34,1.66,24.5,13,TremblingAspen,NorthernFlicker
4,1.791759469228055,7,42,4.2,25.5,16,TremblingAspen,NorthernFlicker
4,1.791759469228055,5.6,38,3.38,38.2,0,TremblingAspen,NorthernFlicker
4,1.791759469228055,6,34,5.59,31.8,12,TremblingAspen,NorthernFlicker
4,1.791759469228055,5.9,28,3.42,33.7,18,TremblingAspen,NorthernFlicker
4,1.791759469228055,6.5,45,3.84,35.7,10,TremblingAspen,NorthernFlicker
4,1.791759469228055,5.8,36,1.54,21.6,53,TremblingAspen,NorthernFlicker
4,1.791759469228055,7.8,24,1.98,35.3,22,TremblingAspen,NorthernFlicker
4,1.791759469228055,6.2,42,4.49,25.1,15,TremblingAspen,NorthernFlicker
4,1.791759469228055,7.1,33,1.39,26.7,0,TremblingAspen,NorthernFlicker
4,1.6094379124341003,7.5,29,4.7,27.5,0,TremblingAspen,NorthernFlicker
4,1.6094379124341003,6,26,2.9,58.4,30,TremblingAspen,NorthernFlicker
4,1.6094379124341003,8,43,3.7,31.6,0,TremblingAspen,NorthernFlicker
4,1.6094379124341003,7.5,36,4.86,20.6,0,TremblingAspen,NorthernFlicker
4,1.6094379124341003,6.5,27,4.45,25.7,3,TremblingAspen,NorthernFlicker
4,1.6094379124341003,6.6,39,3.87,30.6,20,TremblingAspen,NorthernFlicker
4,1.6094379124341003,6.4,27,6.25,33.1,8,TremblingAspen,NorthernFlicker
4,1.6094379124341003,7.3,31,3.62,41.7,11,TremblingAspen,NorthernFlicker
4,1.6094379124341003,6.5,27,1.63,30.6,7,TremblingAspen,NorthernFlicker
4,1.6094379124341003,8.5,41,0.88,44.9,20,TremblingAspen,NorthernFlicker
4,1.6094379124341003,6.1,40,2.69,36,11,TremblingAspen,NorthernFlicker
4,1.6094379124341003,6.2,33,2.35,36.6,35,TremblingAspen,NorthernFlicker
4,1.6094379124341003,6,36,3.43,28,12,TremblingAspen,NorthernFlicker
4,1.6094379124341003,6,45,3.57,20.7,7,TremblingAspen,NorthernFlicker
4,1.6094379124341003,6,38,2.31,33.7,0,TremblingAspen,NorthernFlicker
4,1.3862943611198906,6,38,4.65,32.8,20,TremblingAspen,NorthernFlicker
4,1.3862943611198906,6.4,13,2.36,28.6,21,TremblingAspen,NorthernFlicker
4,1.3862943611198906,7,48,1.23,36.8,0,TremblingAspen,NorthernFlicker
4,1.3862943611198906,7,39,2.96,27.3,15,TremblingAspen,NorthernFlicker
4,1.3862943611198906,4,16.5,5,29.7,0,TremblingAspen,RedNapedSapsucker
4,1.3862943611198906,5.9,29,3.02,33.4,3,TremblingAspen,NorthernFlicker
4,1.3862943611198906,5.9,30,0.56,38.8,9,TremblingAspen,NorthernFlicker
4,1.3862943611198906,6,36,1.63,31.5,20,TremblingAspen,NorthernFlicker
4,1.3862943611198906,7.1,37,3.58,89.8,12,TremblingAspen,NorthernFlicker
4,1.3862943611198906,6.3,28,1.66,35.3,0,LodgepolePine,NorthernFlicker
4,1.3862943611198906,6,31,2.28,32.1,38,TremblingAspen,NorthernFlicker
4,1.3862943611198906,6,38,4.43,22,17,TremblingAspen,NorthernFlicker
4,1.3862943611198906,5.8,35,3.2,25.8,20,TremblingAspen,NorthernFlicker
4,1.3862943611198906,6.3,37,3.93,32.5,9,TremblingAspen,NorthernFlicker
4,1.3862943611198906,5.9,45,1.84,30.9,13,TremblingAspen,NorthernFlicker
4,1.3862943611198906,6.7,37,4.68,39.5,0,TremblingAspen,NorthernFlicker
4,2.9444389791664403,6.3,31,1.78,33.1,15,TremblingAspen,NorthernFlicker
4,2.772588722239781,6.2,0,1.05,27.5,5,TremblingAspen,NorthernFlicker
4,2.5649493574615367,4.9,47,2.27,33.4,4,TremblingAspen,NorthernFlicker
4,2.4849066497880004,6.6,31,1.3,23.6,0,TremblingAspen,NorthernFlicker
4,2.3978952727983707,5.7,37,3.27,33.1,119,TremblingAspen,NorthernFlicker
4,2.302585092994046,4.6,6,2.9,27.4,15,TremblingAspen,HairyWoodpecker
4,2.302585092994046,6.5,32,2.88,29,0,TremblingAspen,NorthernFlicker
4,2.1972245773362196,5.2,39,1.74,34.4,8,TremblingAspen,NorthernFlicker
4,2.1972245773362196,9,39,4.32,35.3,0,TremblingAspen,NorthernFlicker
4,2.0794415416798357,6.1,13.9,4.83,33.9,28,TremblingAspen,NorthernFlicker
4,2.0794415416798357,3.3,8.8,3.28,20.3,24,TremblingAspen,NorthernFlicker
4,2.0794415416798357,6.5,38,2.98,39.2,15,TremblingAspen,NorthernFlicker
4,2.0794415416798357,6.4,43,2.68,36.9,8,TremblingAspen,NorthernFlicker
4,1.9459101490553132,6.8,51,3.42,39.8,15,TremblingAspen,NorthernFlicker
4,1.791759469228055,6.6,43,2.67,30.9,13,TremblingAspen,NorthernFlicker
4,1.791759469228055,5.8,43,2.59,24.8,200,TremblingAspen,NorthernFlicker
4,1.791759469228055,7.5,25,4.72,36.6,8,TremblingAspen,NorthernFlicker
4,1.791759469228055,6,24,3,23.9,9,TremblingAspen,NorthernFlicker
4,1.791759469228055,7,25,3.87,31.8,16,TremblingAspen,NorthernFlicker
4,1.6094379124341003,6.1,39,1.95,46.5,3,TremblingAspen,NorthernFlicker
4,1.3862943611198906,5,24.8,1.74,46.3,0,TremblingAspen,NotExcavated
4,1.3862943611198906,6.5,35,5.48,37.9,7,TremblingAspen,NorthernFlicker
4,1.3862943611198906,6.4,46,2.4,23.9,0,TremblingAspen,NorthernFlicker
4,1.3862943611198906,6.1,46,4.98,34.1,15,TremblingAspen,NorthernFlicker
3,2.833213344056216,4.5,6,2.41,32.7,13,TremblingAspen,RedNapedSapsucker
3,2.4849066497880004,6.3,35,0.91,29.9,8,TremblingAspen,NorthernFlicker
3,2.3978952727983707,3.3,8.5,4.7,17.3,65,TremblingAspen,RedBreastedNuthatch
3,2.302585092994046,4,29.5,4.04,27.2,100,TremblingAspen,RedNapedSapsucker
3,2.1972245773362196,7,39,3.64,35.3,12,TremblingAspen,NorthernFlicker
3,2.1972245773362196,7.2,26,6.31,44.9,10,TremblingAspen,NorthernFlicker
3,2.0794415416798357,6.2,53,5,56,8,TremblingAspen,NorthernFlicker
3,1.9459101490553132,4.5,18,4.68,26.3,100,TremblingAspen,RedNapedSapsucker
3,1.791759469228055,7,40,5.12,29.8,0,TremblingAspen,NorthernFlicker
3,1.791759469228055,5,20,4.4,28.5,250,TremblingAspen,HairyWoodpecker
3,1.791759469228055,5,22,2.13,24.1,5,TremblingAspen,NorthernFlicker
3,1.791759469228055,5,26,4.16,34.7,5,TremblingAspen,HairyWoodpecker
3,1.791759469228055,3,16,3.07,23,15,TremblingAspen,DownyWoodpecker
3,1.791759469228055,6.7,37,2.17,34.4,1,TremblingAspen,NorthernFlicker
3,1.6094379124341003,4.1,20,5,22.1,0,TremblingAspen,ThreeToedWoodpecker
3,1.6094379124341003,3.5,12.6,3.25,21.3,16,TremblingAspen,DownyWoodpecker
3,1.6094379124341003,3.5,18,3.75,52.3,5,TremblingAspen,RedNapedSapsucker
3,1.6094379124341003,5.8,31,1.78,39.8,12,TremblingAspen,NorthernFlicker
3,1.3862943611198906,6.2,37,2.76,52.2,4,TremblingAspen,NorthernFlicker
3,1.3862943611198906,7.1,32,3.14,31.2,12,TremblingAspen,NorthernFlicker
3,1.0986122886681098,4,21.5,3.54,17.7,0,TremblingAspen,ThreeToedWoodpecker
3,1.0986122886681098,4.8,21.1,4.14,30.5,0,TremblingAspen,HairyWoodpecker
3,1.0986122886681098,4.5,15,3.45,22,3,TremblingAspen,DownyWoodpecker
3,1.0986122886681098,5,23,5.39,31.1,0,TremblingAspen,ThreeToedWoodpecker
3,1.0986122886681098,6.3,83,3.74,39.2,11,TremblingAspen,NorthernFlicker
3,2.9444389791664403,5.8,42,0.65,35.7,0,TremblingAspen,NorthernFlicker
3,2.833213344056216,5.8,41,2.16,33.7,0,TremblingAspen,NorthernFlicker
3,2.772588722239781,7.2,52,1.86,31.5,0,TremblingAspen,NorthernFlicker
3,2.772588722239781,6,47,2.2,42,7,TremblingAspen,NorthernFlicker
3,2.70805020110221,6.6,43,2.69,30.9,11,TremblingAspen,NorthernFlicker
3,2.6390573296152584,6.2,41,3.9,39.5,0,TremblingAspen,NorthernFlicker
3,2.6390573296152584,5.6,35,4.59,31.2,20,TremblingAspen,NorthernFlicker
3,2.5649493574615367,4,21.2,4.9,22.8,15,TremblingAspen,RedNapedSapsucker
3,2.5649493574615367,6.5,36,1.63,24.8,18,TremblingAspen,NorthernFlicker
3,2.5649493574615367,6.9,40,4.58,34.7,18,TremblingAspen,NorthernFlicker
3,2.3978952727983707,7,39,2.3,29.6,11,TremblingAspen,NorthernFlicker
3,2.3978952727983707,6.2,43,5.82,29.6,21,TremblingAspen,NorthernFlicker
3,2.3978952727983707,7.4,31,2.1,30.2,12,TremblingAspen,NorthernFlicker
3,2.302585092994046,6.3,42,6.28,27.7,10,TremblingAspen,NorthernFlicker
3,2.1972245773362196,4.3,19,3.15,28.6,25,TremblingAspen,RedNapedSapsucker
3,2.1972245773362196,5,21.5,1.68,39,5,LodgepolePine,NorthernFlicker
3,2.1972245773362196,6.3,34.5,2.2,37.7,0,TremblingAspen,NorthernFlicker
3,2.1972245773362196,3.5,22.5,3.78,31.5,25,TremblingAspen,RedNapedSapsucker
3,2.1972245773362196,5.6,43,4.17,42.7,0,TremblingAspen,NorthernFlicker
3,2.1972245773362196,6.6,47,2.03,30.9,4,TremblingAspen,NorthernFlicker
3,2.1972245773362196,6.7,36,1.93,33.7,27,TremblingAspen,NorthernFlicker
3,2.1972245773362196,6,56,4.1,47.4,5,TremblingAspen,NorthernFlicker
3,2.1972245773362196,6.3,43,1.84,30.6,17,TremblingAspen,NorthernFlicker
3,2.0794415416798357,2,7,4.04,16.7,0,TremblingAspen,RedBreastedNuthatch
3,2.0794415416798357,8,26,2.1,40.7,0,TremblingAspen,NorthernFlicker
3,2.0794415416798357,6.5,20.6,1.21,37.6,0,TremblingAspen,NorthernFlicker
3,2.0794415416798357,5.5,44,2.07,33.1,0,TremblingAspen,NorthernFlicker
3,2.0794415416798357,5.8,31,3.97,32.5,17,TremblingAspen,NorthernFlicker
3,2.0794415416798357,7.2,39,4.56,36.6,0,TremblingAspen,NorthernFlicker
3,1.9459101490553132,4,18.4,2.3,28,5,TremblingAspen,RedNapedSapsucker
3,1.9459101490553132,2.4,14.1,4.07,20.8,15,TremblingAspen,RedBreastedNuthatch
3,1.9459101490553132,4,24.2,3,21.9,30,TremblingAspen,RedNapedSapsucker
3,1.9459101490553132,3.5,11,4,26.4,70,TremblingAspen,RedNapedSapsucker
3,1.9459101490553132,3.7,14,4.2,23.8,20,TremblingAspen,RedNapedSapsucker
3,1.9459101490553132,6,42,2.37,23.2,11,TremblingAspen,NorthernFlicker
3,1.9459101490553132,7.2,29,2.6,28,22,TremblingAspen,NorthernFlicker
3,1.9459101490553132,6,29,0.98,32.8,0,TremblingAspen,NorthernFlicker
3,1.9459101490553132,6.5,33,4.16,40.7,0,TremblingAspen,NorthernFlicker
3,1.9459101490553132,7,45,5.42,40.4,23,TremblingAspen,NorthernFlicker
3,1.9459101490553132,6.4,31,3.28,26.7,6,DouglasFir,NorthernFlicker
3,1.9459101490553132,10,40,1.6,27.1,16,TremblingAspen,NorthernFlicker
3,1.9459101490553132,5.9,41,2.88,37.9,9,TremblingAspen,NorthernFlicker
3,1.9459101490553132,6,45,3.8,53.2,9,TremblingAspen,NorthernFlicker
3,1.9459101490553132,5.9,41,3.39,41.1,11,TremblingAspen,NorthernFlicker
3,1.791759469228055,3.3,11,2.52,23.3,10,TremblingAspen,DownyWoodpecker
3,1.791759469228055,5.6,94,1.65,47.8,9,TremblingAspen,NorthernFlicker
3,1.791759469228055,6,6.8,4,25.2,10,TremblingAspen,NorthernFlicker
3,1.791759469228055,6,34,1.11,30.9,15,TremblingAspen,NorthernFlicker
3,1.791759469228055,5,15,2.8,44.5,10,TremblingAspen,NorthernFlicker
3,1.791759469228055,3,6.5,3.32,22.5,30,TremblingAspen,RedBreastedNuthatch
3,1.791759469228055,6.4,29,1.49,42.7,9,TremblingAspen,NorthernFlicker
3,1.791759469228055,5.8,35,4.72,22.3,11,TremblingAspen,NorthernFlicker
3,1.791759469228055,5.5,138,1.33,42.3,3,TremblingAspen,NorthernFlicker
3,1.791759469228055,8.1,29,1,46.5,0,TremblingAspen,NorthernFlicker
3,1.791759469228055,6.3,37,2.88,47.1,14,LodgepolePine,NorthernFlicker
3,1.6094379124341003,4.5,10,2.3,16.7,0,TremblingAspen,RedBreastedNuthatch
3,1.6094379124341003,6,33,3.9,32,1,TremblingAspen,NorthernFlicker
3,1.6094379124341003,3.6,24.7,5.95,38.1,15,TremblingAspen,RedNapedSapsucker
3,1.6094379124341003,6,14.6,3.2,25.8,17,TremblingAspen,NotExcavated
3,1.6094379124341003,6.4,29,6.69,43.9,52,TremblingAspen,NorthernFlicker
3,1.6094379124341003,5.1,33,1.09,29,45,TremblingAspen,NorthernFlicker
3,1.6094379124341003,6.8,32,4.08,42.3,0,TremblingAspen,NorthernFlicker
3,1.6094379124341003,5.4,44,3.44,30.2,16,TremblingAspen,NorthernFlicker
3,1.6094379124341003,8,49,5.59,50,5,TremblingAspen,NorthernFlicker
3,1.6094379124341003,5.9,20,3.4,27.4,19,TremblingAspen,NorthernFlicker
3,1.6094379124341003,7.3,29,1.64,31.2,10,LodgepolePine,NorthernFlicker
3,1.6094379124341003,8.2,41,1.39,35.7,10,TremblingAspen,NorthernFlicker
3,1.6094379124341003,6.1,42,2.17,42.3,0,TremblingAspen,NorthernFlicker
3,1.6094379124341003,6.5,32,3.69,30.9,36,TremblingAspen,NorthernFlicker
3,1.6094379124341003,6.2,34,4.1,30.2,20,TremblingAspen,NorthernFlicker
3,1.6094379124341003,6.2,37,3.57,24.8,9,TremblingAspen,NorthernFlicker
3,1.3862943611198906,2.2,13,2.9,23.1,15,TremblingAspen,RedBreastedNuthatch
3,1.3862943611198906,3.8,15.5,4.02,28.3,20,TremblingAspen,RedNapedSapsucker
3,1.3862943611198906,3.8,18.5,2.28,26.3,5,TremblingAspen,RedNapedSapsucker
3,1.3862943611198906,4.5,28,5.2,43.4,25,TremblingAspen,HairyWoodpecker
3,1.3862943611198906,6.8,34,5.76,36.3,3,TremblingAspen,NorthernFlicker
3,1.3862943611198906,6.9,34,3.91,59.8,14,TremblingAspen,NorthernFlicker
3,1.3862943611198906,6.2,42,1.13,46.8,0,TremblingAspen,NorthernFlicker
3,1.3862943611198906,6.9,38,2.98,39.8,26,TremblingAspen,NorthernFlicker
3,1.3862943611198906,6.5,43,2.69,35,13,TremblingAspen,NorthernFlicker
3,1.3862943611198906,6,34,5.32,48.7,14,TremblingAspen,NorthernFlicker
3,1.3862943611198906,6,34,2.67,27.4,20,TremblingAspen,NorthernFlicker
3,1.3862943611198906,5.9,38,3.8,38.8,2,TremblingAspen,NorthernFlicker
3,1.3862943611198906,5.7,28,4.3,39.5,23,TremblingAspen,NorthernFlicker
3,1.3862943611198906,11,47,3.84,32.8,18,TremblingAspen,NorthernFlicker
3,1.0986122886681098,3.8,23,2.1,28.7,0,TremblingAspen,RedNapedSapsucker
3,1.0986122886681098,4,17,4.2,27,15,TremblingAspen,RedNapedSapsucker
3,1.0986122886681098,6.3,27.3,1.71,21.4,20,TremblingAspen,NorthernFlicker
3,1.0986122886681098,6.5,47,1.48,28.3,0,TremblingAspen,NorthernFlicker
3,1.0986122886681098,6.2,39,3.58,25.8,16,TremblingAspen,NorthernFlicker
3,1.0986122886681098,6.3,30,2.9,47.7,7,TremblingAspen,NorthernFlicker
3,1.0986122886681098,7.5,31,4.2,38.5,21,TremblingAspen,NorthernFlicker
3,1.0986122886681098,6.2,44,3.13,42.7,0,TremblingAspen,NorthernFlicker
3,1.0986122886681098,8.3,32,4.39,37.2,8,TremblingAspen,NorthernFlicker
3,1.0986122886681098,7.6,31,3.05,25.5,0,LodgepolePine,NorthernFlicker
3,1.0986122886681098,5.8,33,4.31,43.3,7,TremblingAspen,NorthernFlicker
3,1.0986122886681098,6.2,40,2.02,42.3,0,TremblingAspen,NorthernFlicker
3,1.0986122886681098,6.8,44,1.89,35.7,44,TremblingAspen,NorthernFlicker
3,1.0986122886681098,6.2,36,5.29,34.7,16,TremblingAspen,NorthernFlicker
3,1.0986122886681098,6,49,2.26,37.2,24,TremblingAspen,NorthernFlicker
3,1.0986122886681098,5.3,48,4.21,22.3,26,TremblingAspen,NorthernFlicker
3,1.0986122886681098,6.5,35,3.84,31.8,5,TremblingAspen,NorthernFlicker
3,1.0986122886681098,6.1,40,4.16,28.3,41,TremblingAspen,NorthernFlicker
3,0.6931471805599453,3.8,18.2,5.5,24.9,100,TremblingAspen,DownyWoodpecker
3,0.6931471805599453,5.2,34.3,5.2,19.9,0,TremblingAspen,HairyWoodpecker
3,0.6931471805599453,6.3,24,4.6,36.3,0,LodgepolePine,NorthernFlicker
3,2.6390573296152584,6,36,3.19,31.3,30,TremblingAspen,NorthernFlicker
3,2.6390573296152584,7.8,13.1,3.13,25.7,15,TremblingAspen,NorthernFlicker
3,2.6390573296152584,6.1,30,1.86,32.1,0,TremblingAspen,NorthernFlicker
3,2.6390573296152584,6.5,43,2.25,32.1,0,TremblingAspen,NorthernFlicker
3,2.4849066497880004,8.5,22,2.75,55.6,0,TremblingAspen,NotExcavated
3,2.3978952727983707,6.7,38,2.9,40.4,10,TremblingAspen,NorthernFlicker
3,2.302585092994046,5.5,26,2.13,45.8,11,TremblingAspen,NorthernFlicker
3,2.302585092994046,5.8,85,3.7,29.9,5,TremblingAspen,NorthernFlicker
3,2.1972245773362196,6.6,34,3.99,39.2,0,TremblingAspen,NorthernFlicker
3,2.1972245773362196,7.1,46,3.21,27.4,11,TremblingAspen,NorthernFlicker
3,2.1972245773362196,6.7,32,1.68,23.6,1,TremblingAspen,NorthernFlicker
3,2.1972245773362196,7.2,49,6.2,37.2,11,TremblingAspen,NorthernFlicker
3,2.0794415416798357,6.4,31,2.24,26.4,7,TremblingAspen,NorthernFlicker
3,2.0794415416798357,6,66,1.81,41.1,1,TremblingAspen,NorthernFlicker
3,2.0794415416798357,7.2,36,3.36,30.9,0,TremblingAspen,NorthernFlicker
3,2.0794415416798357,7,45,2.08,34.1,27,TremblingAspen,NorthernFlicker
3,2.0794415416798357,6.5,35,2.9,38.8,21,TremblingAspen,NorthernFlicker
3,1.9459101490553132,11,35,4.1,28.7,3,TremblingAspen,NorthernFlicker
3,1.9459101490553132,6.8,39,3.75,43,5,TremblingAspen,NorthernFlicker
3,1.9459101490553132,5.9,38,2.96,29,15,TremblingAspen,NorthernFlicker
3,1.791759469228055,3.7,23,2,26.4,7,TremblingAspen,RedNapedSapsucker
3,1.791759469228055,4,10.5,3.85,22.1,0,TremblingAspen,ThreeToedWoodpecker
3,1.791759469228055,6.4,39,4.61,40.1,4,TremblingAspen,NorthernFlicker
3,1.791759469228055,6.1,45,5.64,40.7,19,TremblingAspen,NorthernFlicker
3,1.6094379124341003,6.7,39,1.97,27.7,12,TremblingAspen,NorthernFlicker
3,1.6094379124341003,6.5,41,1.94,33.4,15,TremblingAspen,NorthernFlicker
3,1.6094379124341003,6.4,37,2.28,20.7,9,TremblingAspen,NorthernFlicker
3,1.6094379124341003,5.9,34,3.28,30.9,23,TremblingAspen,NorthernFlicker
3,1.6094379124341003,5.7,43,2.91,40.4,3,TremblingAspen,NorthernFlicker
3,1.3862943611198906,2.9,18,3.36,11.2,5,TremblingAspen,RedBreastedNuthatch
3,1.3862943611198906,7,36,6.1,42,0,TremblingAspen,NorthernFlicker
3,1.3862943611198906,7.4,42,2.19,29,12,TremblingAspen,NorthernFlicker
3,1.3862943611198906,6,19,5.4,33.4,4,TremblingAspen,NorthernFlicker
3,1.3862943611198906,8,33,3.47,35,0,TremblingAspen,NorthernFlicker
3,1.3862943611198906,7,34,1.51,38.2,0,LodgepolePine,NorthernFlicker
3,1.3862943611198906,6.1,39,4.25,29.9,0,TremblingAspen,NorthernFlicker
3,1.0986122886681098,2.5,10.8,3.74,24.7,28,TremblingAspen,DownyWoodpecker
3,1.0986122886681098,7,32,3.06,29.6,0,TremblingAspen,NorthernFlicker
3,1.0986122886681098,5.8,31,2.95,37.6,18,TremblingAspen,NorthernFlicker
3,1.0986122886681098,6.8,40,1.98,22.6,18,TremblingAspen,NorthernFlicker
3,1.0986122886681098,6,40,4.51,45.2,0,TremblingAspen,NorthernFlicker
3,1.0986122886681098,8.3,44,5.85,37.2,20,TremblingAspen,NorthernFlicker
3,1.0986122886681098,7.2,34,3.97,43.9,4,TremblingAspen,NorthernFlicker
3,1.0986122886681098,6.1,42,2.97,49.7,0,TremblingAspen,NorthernFlicker
3,1.0986122886681098,6.5,34,4.23,36,0,TremblingAspen,NorthernFlicker
3,1.0986122886681098,6.6,34,1.49,32.5,7,TremblingAspen,NorthernFlicker
3,1.0986122886681098,5.8,39,5.15,34.1,20,TremblingAspen,NorthernFlicker
3,0.6931471805599453,6.5,37,1.4,36.4,0,TremblingAspen,NorthernFlicker
2,2.70805020110221,6.9,34,3.07,41.7,0,TremblingAspen,NorthernFlicker
2,2.5649493574615367,3,16.2,1.75,28.1,11,TremblingAspen,NorthernFlicker
2,2.5649493574615367,5.3,17.2,1.28,21.7,20,TremblingAspen,ThreeToedWoodpecker
2,2.4849066497880004,5.5,27,2.17,38.8,10,TremblingAspen,NorthernFlicker
2,2.3978952727983707,4.5,20.5,5.1,24.1,18,TremblingAspen,RedNapedSapsucker
2,2.3978952727983707,4.5,10,2.4,26.2,10,TremblingAspen,BlackCappedChickadee
2,2.3978952727983707,6.1,37,2.67,32.1,9,TremblingAspen,NorthernFlicker
2,2.302585092994046,4.5,20,3.5,24.6,5,TremblingAspen,RedNapedSapsucker
2,2.302585092994046,3,11.6,3.87,23.3,66,TremblingAspen,RedBreastedNuthatch
2,2.302585092994046,4,22,1.83,27.4,15,TremblingAspen,RedNapedSapsucker
2,2.302585092994046,5.8,46,2.86,29.9,11,TremblingAspen,NorthernFlicker
2,2.302585092994046,6.1,42,1.72,37.2,8,TremblingAspen,NorthernFlicker
2,2.1972245773362196,3.4,17.5,2.45,21.6,25,TremblingAspen,RedNapedSapsucker
2,2.1972245773362196,6,45,2.24,32.4,7,TremblingAspen,NorthernFlicker
2,2.1972245773362196,4,16,2.6,23.4,40,TremblingAspen,RedNapedSapsucker
2,2.1972245773362196,5.5,30,3.69,29.3,15,TremblingAspen,NorthernFlicker
2,2.1972245773362196,8.4,40,3.16,25.8,8,TremblingAspen,NorthernFlicker
2,2.1972245773362196,6.6,32,2.39,61.1,18,TremblingAspen,NorthernFlicker
2,2.0794415416798357,3.5,18,3.31,25.3,20,TremblingAspen,RedNapedSapsucker
2,2.0794415416798357,3.8,9.8,6,29.5,10,TremblingAspen,RedNapedSapsucker
2,2.0794415416798357,3.5,18,5.58,29.5,15,TremblingAspen,RedNapedSapsucker
2,2.0794415416798357,5,11,4.6,26.8,10,TremblingAspen,BlackCappedChickadee
2,2.0794415416798357,3.5,20.6,3.32,31,10,TremblingAspen,RedNapedSapsucker
2,2.0794415416798357,3.5,21,1.42,39,15,TremblingAspen,NotExcavated
2,2.0794415416798357,6.5,32,5,29,40,TremblingAspen,NorthernFlicker
2,2.0794415416798357,6.9,53,3.94,38.8,0,TremblingAspen,NorthernFlicker
2,2.0794415416798357,8.2,45,3.66,46.2,18,TremblingAspen,NorthernFlicker
2,2.0794415416798357,6.3,44,3.95,24.5,15,TremblingAspen,NorthernFlicker
2,1.9459101490553132,4.5,16.5,3.16,17.3,280,TremblingAspen,ThreeToedWoodpecker
2,1.9459101490553132,4,20,3.6,23.6,20,TremblingAspen,RedNapedSapsucker
2,1.9459101490553132,5,20,4.9,27.9,0,TremblingAspen,NorthernFlicker
2,1.9459101490553132,4,24.5,2.6,26.7,0,TremblingAspen,RedNapedSapsucker
2,1.9459101490553132,8,24,2.52,39,5,LodgepolePine,NotExcavated
2,1.9459101490553132,3.2,18.6,3,27,50,TremblingAspen,RedNapedSapsucker
2,1.9459101490553132,8,33,2.07,41.4,8,TremblingAspen,NorthernFlicker
2,1.9459101490553132,5.2,40,6.64,27.1,14,TremblingAspen,NorthernFlicker
2,1.9459101490553132,6.1,34,3.8,43.9,11,TremblingAspen,NorthernFlicker
2,1.9459101490553132,5.5,38,2.18,30.9,12,TremblingAspen,NorthernFlicker
2,1.9459101490553132,6.5,36,3.64,45.8,4,TremblingAspen,NorthernFlicker
2,1.9459101490553132,8,42,4.82,35,8,TremblingAspen,NorthernFlicker
2,1.791759469228055,4,22,2.86,21.9,0,TremblingAspen,ThreeToedWoodpecker
2,1.791759469228055,4,15,3.5,25.1,0,TremblingAspen,ThreeToedWoodpecker
2,1.791759469228055,2.5,18.5,2,17,30,TremblingAspen,RedBreastedNuthatch
2,1.791759469228055,3.7,14.2,4.78,25.6,15,TremblingAspen,RedNapedSapsucker
2,1.791759469228055,4.8,19,6,27.2,0,TremblingAspen,RedNapedSapsucker
2,1.791759469228055,5.8,25,3.49,27.1,31,TremblingAspen,NorthernFlicker
2,1.791759469228055,5.6,28,3.96,39.2,46,TremblingAspen,NorthernFlicker
2,1.791759469228055,6.2,40,2.28,34.7,5,TremblingAspen,NorthernFlicker
2,1.791759469228055,6,33,3.44,39.8,0,TremblingAspen,NorthernFlicker
2,1.6094379124341003,4.5,20,1.52,32.6,0,TremblingAspen,NotExcavated
2,1.6094379124341003,4,13,5.6,24.5,0,TremblingAspen,RedNapedSapsucker
2,1.6094379124341003,10,41,5.7,41.3,0,TremblingAspen,PileatedWoodpecker
2,1.6094379124341003,3.2,14,5.5,19.3,15,TremblingAspen,DownyWoodpecker
2,1.6094379124341003,4.5,11,5,30.4,0,TremblingAspen,HairyWoodpecker
2,1.6094379124341003,6.3,38,2.2,33.3,0,TremblingAspen,NorthernFlicker
2,1.6094379124341003,4.2,18.5,5.27,26.3,20,TremblingAspen,RedNapedSapsucker
2,1.6094379124341003,3,12,1.8,30.5,15,TremblingAspen,RedBreastedNuthatch
2,1.6094379124341003,6,57,5.18,20.4,140,TremblingAspen,NorthernFlicker
2,1.6094379124341003,5.5,40,2.5,30.6,0,TremblingAspen,NorthernFlicker
2,1.6094379124341003,6.2,42,2.77,44.9,7,TremblingAspen,NorthernFlicker
2,1.6094379124341003,5.7,33,4.21,56.3,17,TremblingAspen,NorthernFlicker
2,1.6094379124341003,6.4,37,4.17,23.6,0,TremblingAspen,NorthernFlicker
2,1.6094379124341003,5.8,42,0.89,28.6,9,TremblingAspen,NorthernFlicker
2,1.6094379124341003,7,35,4.47,33.4,10,TremblingAspen,NorthernFlicker
2,1.6094379124341003,5.8,32,3.63,32.1,4,TremblingAspen,NorthernFlicker
2,1.3862943611198906,4,19.5,2.8,27.7,2,TremblingAspen,RedNapedSapsucker
2,1.3862943611198906,6.2,20,2.85,31.7,10,TremblingAspen,NorthernFlicker
2,1.3862943611198906,3,14,3.15,26.4,5,TremblingAspen,DownyWoodpecker
2,1.3862943611198906,4.1,20.6,4.3,24.5,30,TremblingAspen,ThreeToedWoodpecker
2,1.3862943611198906,4,20.5,3.54,25.2,40,TremblingAspen,RedNapedSapsucker
2,1.3862943611198906,3,15,2.07,14.8,45,TremblingAspen,RedBreastedNuthatch
2,1.3862943611198906,3.5,14.5,2.3,25.9,0,TremblingAspen,ThreeToedWoodpecker
2,1.3862943611198906,8.3,37,6.14,37.7,15,TremblingAspen,PileatedWoodpecker
2,1.3862943611198906,4,12,4.25,34.4,10,TremblingAspen,RedNapedSapsucker
2,1.3862943611198906,3,10,3.62,24,8,TremblingAspen,RedBreastedNuthatch
2,1.3862943611198906,8.7,38,3.96,35,8,TremblingAspen,NorthernFlicker
2,1.3862943611198906,5.3,40,3.65,29.6,25,TremblingAspen,NorthernFlicker
2,1.3862943611198906,6.2,35,2.85,30.9,8,TremblingAspen,NorthernFlicker
2,1.3862943611198906,6.5,47,6.53,37.6,17,TremblingAspen,NorthernFlicker
2,1.3862943611198906,6.3,29,4.94,30.2,24,TremblingAspen,NorthernFlicker
2,1.3862943611198906,6.4,38,5.4,29.9,0,TremblingAspen,NorthernFlicker
2,1.3862943611198906,5.4,26,6.52,32.1,10,TremblingAspen,NorthernFlicker
2,1.3862943611198906,6.8,28,1.9,29,26,TremblingAspen,NorthernFlicker
2,1.3862943611198906,6.5,31,5.35,52.2,0,DouglasFir,NorthernFlicker
2,1.3862943611198906,6.5,40,2.72,29.3,29,TremblingAspen,NorthernFlicker
2,1.3862943611198906,7.2,41,1.27,34.1,22,TremblingAspen,NorthernFlicker
2,1.3862943611198906,5.7,40,5.47,43.6,35,TremblingAspen,NorthernFlicker
2,1.3862943611198906,7.2,49,2.8,30.6,1,TremblingAspen,NorthernFlicker
2,1.3862943611198906,6.7,37,5.73,34.7,9,TremblingAspen,NorthernFlicker
2,1.0986122886681098,3.1,16.9,3.61,23,15,TremblingAspen,DownyWoodpecker
2,1.0986122886681098,7,37,1.49,25.1,0,TremblingAspen,NorthernFlicker
2,1.0986122886681098,2.6,12,3.3,25.7,15,TremblingAspen,RedBreastedNuthatch
2,1.0986122886681098,3.5,17,5.87,25.3,40,TremblingAspen,ThreeToedWoodpecker
2,1.0986122886681098,4,17,4.42,22.1,40,TremblingAspen,ThreeToedWoodpecker
2,1.0986122886681098,7.5,21,2.8,30,6,TremblingAspen,RedNapedSapsucker
2,1.0986122886681098,7,31,1.45,30,6,TremblingAspen,NorthernFlicker
2,1.0986122886681098,4.7,48,4.67,40.1,37,TremblingAspen,NorthernFlicker
2,1.0986122886681098,7.7,34,1.33,30.2,0,TremblingAspen,NorthernFlicker
2,1.0986122886681098,8.2,50,2.7,40.4,0,TremblingAspen,NorthernFlicker
2,1.0986122886681098,7.6,38,0.94,31.5,0,TremblingAspen,NorthernFlicker
2,1.0986122886681098,8.2,41,2.41,37.2,0,TremblingAspen,NorthernFlicker
2,1.0986122886681098,5.8,44,2.49,38.2,16,TremblingAspen,NorthernFlicker
2,1.0986122886681098,6.7,39,3.64,34.1,22,TremblingAspen,NorthernFlicker
2,1.0986122886681098,7.3,38,1.75,37.9,40,TremblingAspen,NorthernFlicker
2,1.0986122886681098,6.1,35,4.1,27.4,15,TremblingAspen,NorthernFlicker
2,1.0986122886681098,6,40,3.12,36.3,32,TremblingAspen,NorthernFlicker
2,1.0986122886681098,6.4,34,3.27,23.2,28,TremblingAspen,NorthernFlicker
2,1.0986122886681098,5.9,37,5.15,39.5,2,TremblingAspen,NorthernFlicker
2,1.0986122886681098,5.9,38,1.61,22.9,25,TremblingAspen,NorthernFlicker
2,0.6931471805599453,5,25,1.36,21.1,15,TremblingAspen,ThreeToedWoodpecker
2,0.6931471805599453,4,19,4.8,45.5,25,TremblingAspen,RedBreastedNuthatch
2,0.6931471805599453,3,21,2.9,15.9,12,TremblingAspen,RedBreastedNuthatch
2,0.6931471805599453,3.5,12.2,3.7,20.7,40,TremblingAspen,DownyWoodpecker
2,0.6931471805599453,3.3,9,3.7,22.7,40,TremblingAspen,RedBreastedNuthatch
2,0.6931471805599453,2.8,11.5,2.89,18.5,0,TremblingAspen,BlackCappedChickadee
2,0.6931471805599453,11,30.2,1.63,26.3,25,TremblingAspen,NorthernFlicker
2,0.6931471805599453,4.2,18,3.25,36.6,3,TremblingAspen,RedNapedSapsucker
2,0.6931471805599453,4,15.5,2.1,25.2,350,TremblingAspen,DownyWoodpecker
2,0.6931471805599453,4,18.2,5.05,31,70,TremblingAspen,RedNapedSapsucker
2,0.6931471805599453,5.5,15.5,2.9,34.5,0,TremblingAspen,HairyWoodpecker
2,0.6931471805599453,3.1,18.3,3.37,23.3,0,TremblingAspen,DownyWoodpecker
2,0.6931471805599453,4,23.5,5.2,26.9,40,TremblingAspen,RedNapedSapsucker
2,0.6931471805599453,4,36.4,3.4,25.4,10,TremblingAspen,RedNapedSapsucker
2,0.6931471805599453,4.6,21.4,3.53,20.5,0,TremblingAspen,RedNapedSapsucker
2,0.6931471805599453,7.5,13,5,52.6,0,DouglasFir,NorthernFlicker
2,0.6931471805599453,3,15,4.13,31.4,0,TremblingAspen,DownyWoodpecker
2,0.6931471805599453,5.7,39,4.46,40.7,27,TremblingAspen,NorthernFlicker
2,0.6931471805599453,6.7,38,4.52,24.5,24,TremblingAspen,NorthernFlicker
2,0.6931471805599453,6.8,36,3.18,43.6,6,TremblingAspen,NorthernFlicker
2,0.6931471805599453,6.2,34,0.93,46.8,4,TremblingAspen,NorthernFlicker
2,0.6931471805599453,6,44,2.46,32.1,0,TremblingAspen,NorthernFlicker
2,0.6931471805599453,6.1,32,1.5,38.8,11,TremblingAspen,NorthernFlicker
2,0.6931471805599453,6.1,40,3.28,59.8,0,TremblingAspen,NorthernFlicker
2,0.6931471805599453,6.5,32,1.31,19.4,0,TremblingAspen,NorthernFlicker
2,0.6931471805599453,6.6,41,0.82,28.3,5,TremblingAspen,NorthernFlicker
2,0.6931471805599453,6,43,3.56,29.9,10,TremblingAspen,NorthernFlicker
2,0.6931471805599453,5.6,31,1.59,18.8,20,TremblingAspen,NorthernFlicker
2,0.6931471805599453,6.5,32,3.08,30.2,0,TremblingAspen,NorthernFlicker
2,0.6931471805599453,5,36,5.66,31.2,0,TremblingAspen,NorthernFlicker
2,0.6931471805599453,6.8,26,5.51,44.9,20,TremblingAspen,NorthernFlicker
2,2.5649493574615367,7.4,33,0.85,58.9,17,TremblingAspen,NorthernFlicker
2,2.5649493574615367,6.3,33,1.83,30.9,11,TremblingAspen,NorthernFlicker
2,2.4849066497880004,3.3,11,4.87,28.5,0,TremblingAspen,RedNapedSapsucker
2,2.4849066497880004,5.8,35,1.34,35.7,6,TremblingAspen,NorthernFlicker
2,2.4849066497880004,6.5,36,1.66,38.5,14,TremblingAspen,NorthernFlicker
2,2.4849066497880004,7,38,6.87,29.3,21,TremblingAspen,NorthernFlicker
2,2.1972245773362196,7.1,35,4.26,34.4,0,TremblingAspen,NorthernFlicker
2,2.0794415416798357,3,11.5,4.1,19.1,20,TremblingAspen,RedBreastedNuthatch
2,2.0794415416798357,5.3,41,4.1,26.1,0,TremblingAspen,NorthernFlicker
2,2.0794415416798357,7.8,35,3.73,36.3,18,TremblingAspen,NorthernFlicker
2,2.0794415416798357,6.3,42,5.33,46.8,0,TremblingAspen,NorthernFlicker
2,1.9459101490553132,7,43.7,1.42,36.9,0,TremblingAspen,NorthernFlicker
2,1.9459101490553132,2.5,16.4,0.44,11,15,TremblingAspen,NotExcavated
2,1.9459101490553132,2.5,11.4,1.45,21.8,50,TremblingAspen,NotExcavated
2,1.9459101490553132,6,43,3.66,29.6,2,TremblingAspen,NorthernFlicker
2,1.791759469228055,3.2,11.9,3.5,21,40,TremblingAspen,RedBreastedNuthatch
2,1.791759469228055,4,22.5,1.6,17.4,200,TremblingAspen,ThreeToedWoodpecker
2,1.791759469228055,6.4,39,3.04,30.6,8,TremblingAspen,NorthernFlicker
2,1.791759469228055,4.4,31,2.07,36.6,15,TremblingAspen,NorthernFlicker
2,1.791759469228055,6.1,33,1.06,29,0,TremblingAspen,NorthernFlicker
2,1.791759469228055,6.7,42,1.59,25.5,20,TremblingAspen,NorthernFlicker
2,1.791759469228055,5.6,60,1.31,29.3,10,TremblingAspen,NorthernFlicker
2,1.791759469228055,6.3,34,1.04,30.9,10,TremblingAspen,NorthernFlicker
2,1.791759469228055,6.3,37,2.87,43.3,16,TremblingAspen,NorthernFlicker
2,1.791759469228055,6,44,3.42,35.7,0,TremblingAspen,NorthernFlicker
2,1.791759469228055,5.7,28,3.72,43.6,9,TremblingAspen,NorthernFlicker
2,1.791759469228055,6,52,1.86,33.4,0,TremblingAspen,NorthernFlicker
2,1.6094379124341003,3.5,12.6,4.9,24,5,TremblingAspen,RedNapedSapsucker
2,1.6094379124341003,4,14,3.55,18,0,TremblingAspen,RedNapedSapsucker
2,1.6094379124341003,2.5,11.5,5.8,66.3,0,DouglasFir,RedBreastedNuthatch
2,1.6094379124341003,5,21,1.11,26.6,37,TremblingAspen,NorthernFlicker
2,1.6094379124341003,6,47,4.27,35.7,13,TremblingAspen,NorthernFlicker
2,1.6094379124341003,7.1,69,1.65,28,0,TremblingAspen,NorthernFlicker
2,1.6094379124341003,6.5,49,4.87,40.1,0,TremblingAspen,NorthernFlicker
2,1.6094379124341003,7.4,29,2.53,25.1,21,TremblingAspen,NorthernFlicker
2,1.6094379124341003,7.6,36,2.1,29,0,TremblingAspen,NorthernFlicker
2,1.6094379124341003,6.1,35,1.95,41.4,9,TremblingAspen,NorthernFlicker
2,1.6094379124341003,6,31,4.22,40.1,0,TremblingAspen,NorthernFlicker
2,1.6094379124341003,6.4,39,5.04,31.8,15,TremblingAspen,NorthernFlicker
2,1.6094379124341003,6,38,1.17,33.4,1,TremblingAspen,NorthernFlicker
2,1.6094379124341003,5.8,35,3.8,40.7,15,TremblingAspen,NorthernFlicker
2,1.6094379124341003,6,39,1.53,30.9,26,TremblingAspen,NorthernFlicker
2,1.3862943611198906,3.3,13,3.93,27.7,35,TremblingAspen,RedBreastedNuthatch
2,1.3862943611198906,4.8,11,0.83,13.8,2,TremblingAspen,BlackCappedChickadee
2,1.3862943611198906,5.8,6,1.99,45.2,23,TremblingAspen,NorthernFlicker
2,1.3862943611198906,7.3,38,3.16,55.1,0,TremblingAspen,NorthernFlicker
2,1.3862943611198906,6.5,34,1.5,31.8,8,TremblingAspen,NorthernFlicker
2,1.3862943611198906,6.8,41,3.64,26.1,0,TremblingAspen,NorthernFlicker
2,1.3862943611198906,5.8,35,2.71,20.1,10,TremblingAspen,NorthernFlicker
2,1.3862943611198906,6,43,4.56,32.5,0,TremblingAspen,NorthernFlicker
2,1.3862943611198906,6,38,2.72,43.6,10,TremblingAspen,NorthernFlicker
2,1.3862943611198906,7.3,37,4.1,30.6,24,TremblingAspen,NorthernFlicker
2,1.3862943611198906,6.6,50,4.13,23.9,1,TremblingAspen,NorthernFlicker
2,1.3862943611198906,5.9,35,1.66,38.8,10,LodgepolePine,NorthernFlicker
2,1.3862943611198906,5.9,34,3.41,41.4,0,TremblingAspen,NorthernFlicker
2,1.3862943611198906,6.9,40,5.49,40.4,17,TremblingAspen,NorthernFlicker
2,1.0986122886681098,6.5,46,1.26,26.8,15,TremblingAspen,NorthernFlicker
2,1.0986122886681098,5.5,40.5,2.15,30.4,4,TremblingAspen,NorthernFlicker
2,1.0986122886681098,6.2,29.5,3.11,36.9,10,TremblingAspen,NorthernFlicker
2,1.0986122886681098,2,11,0.24,14.1,20,TremblingAspen,BlackCappedChickadee
2,1.0986122886681098,7,37,3.25,37.1,10,TremblingAspen,NorthernFlicker
2,1.0986122886681098,4,8,3,18.8,0,DouglasFir,RedBreastedNuthatch
2,1.0986122886681098,6.6,33.3,3.31,42.4,8,TremblingAspen,NorthernFlicker
2,1.0986122886681098,3.5,11.8,4,17.1,40,TremblingAspen,RedBreastedNuthatch
2,1.0986122886681098,3,12.5,4.36,21.7,10,TremblingAspen,RedBreastedNuthatch
2,1.0986122886681098,6.6,38,2.8,43.6,5,TremblingAspen,NorthernFlicker
2,1.0986122886681098,5.5,62,2,24.5,5,TremblingAspen,NorthernFlicker
2,1.0986122886681098,6.2,37,3.17,40.1,13,TremblingAspen,NorthernFlicker
2,1.0986122886681098,6.5,31,2.74,43.3,15,TremblingAspen,NorthernFlicker
2,1.0986122886681098,5.9,32,3.77,50.9,0,TremblingAspen,NorthernFlicker
2,1.0986122886681098,6.3,26,2.77,28.3,0,TremblingAspen,NorthernFlicker
2,1.0986122886681098,6.4,31,1.63,31.2,16,TremblingAspen,NorthernFlicker
2,1.0986122886681098,8.5,36,1.79,57,11,TremblingAspen,NorthernFlicker
2,1.0986122886681098,7.2,59,1.99,49.7,20,TremblingAspen,NorthernFlicker
2,1.0986122886681098,6.8,43,2.19,36,18,TremblingAspen,NorthernFlicker
2,1.0986122886681098,8.3,62,2.15,49,0,TremblingAspen,NorthernFlicker
2,1.0986122886681098,7.2,32,2.46,29,52,TremblingAspen,NorthernFlicker
2,1.0986122886681098,6.3,35,3,48.7,10,TremblingAspen,NorthernFlicker
2,1.0986122886681098,6.9,38,3.57,29.3,9,TremblingAspen,NorthernFlicker
2,1.0986122886681098,5.8,36,3.62,39.5,9,TremblingAspen,NorthernFlicker
2,1.0986122886681098,6.3,35,3.2,33.1,0,TremblingAspen,NorthernFlicker
2,1.0986122886681098,6,37,1.46,22,0,TremblingAspen,NorthernFlicker
2,1.0986122886681098,7,38,4.2,28.3,0,TremblingAspen,NorthernFlicker
2,1.0986122886681098,7,80,2.12,26.7,8,TremblingAspen,NorthernFlicker
2,0.6931471805599453,2.5,12,4.46,16.5,15,TremblingAspen,RedBreastedNuthatch
2,0.6931471805599453,5,13.5,2.57,19.3,20,TremblingAspen,RedBreastedNuthatch
2,0.6931471805599453,6.5,28,3.84,53.5,11,TremblingAspen,NorthernFlicker
2,0.6931471805599453,8,38.5,5.8,27.4,8,TremblingAspen,NorthernFlicker
2,0.6931471805599453,5.1,19.5,1.77,33.2,0,TremblingAspen,HairyWoodpecker
2,0.6931471805599453,7,33.8,5.73,36.8,50,TremblingAspen,PileatedWoodpecker
2,0.6931471805599453,6.4,38,1.44,37.2,0,TremblingAspen,NorthernFlicker
2,0.6931471805599453,7.5,36,2.93,59.5,17,TremblingAspen,NorthernFlicker
2,0.6931471805599453,5.8,35,1.85,43.6,0,TremblingAspen,NorthernFlicker
2,0.6931471805599453,6.3,48,1.47,34.7,19,TremblingAspen,NorthernFlicker
2,0.6931471805599453,6,37,2.69,29.9,7,TremblingAspen,NorthernFlicker
2,0.6931471805599453,6.2,35,5.24,31.5,8,TremblingAspen,NorthernFlicker
2,0.6931471805599453,7,32,4.6,30.6,2,TremblingAspen,NorthernFlicker
2,0.6931471805599453,6.1,43,2.57,43.9,11,TremblingAspen,NorthernFlicker
2,0.6931471805599453,7,33,4.36,35.7,5,TremblingAspen,NorthernFlicker
2,0.6931471805599453,6.9,37,4.8,29.9,20,TremblingAspen,NorthernFlicker
2,0.6931471805599453,6.2,42,1.1,32.8,13,TremblingAspen,NorthernFlicker
2,0.6931471805599453,6.2,42,2.56,33.1,0,TremblingAspen,NorthernFlicker
2,0.6931471805599453,5.8,35,3.17,24.8,0,TremblingAspen,NorthernFlicker
2,0.6931471805599453,6.3,38,3.72,41.4,40,TremblingAspen,NorthernFlicker
2,0.6931471805599453,5.9,29,3.51,25.5,27,TremblingAspen,NorthernFlicker
1,2.833213344056216,4,0,3.98,33.8,0,TremblingAspen,RedNapedSapsucker
1,2.772588722239781,4.5,6.5,2.87,17,120,TremblingAspen,NotExcavated
1,2.772588722239781,5,31,1.26,31.5,5,TremblingAspen,NorthernFlicker
1,2.70805020110221,3.7,7,3.57,25.7,3,TremblingAspen,RedNapedSapsucker
1,2.70805020110221,5.7,41,1.68,43.6,15,TremblingAspen,NorthernFlicker
1,2.6390573296152584,2,12,3.71,31.3,30,TremblingAspen,NotExcavated
1,2.4849066497880004,3.5,52,0.98,52.5,10,TremblingAspen,NorthernFlicker
1,2.4849066497880004,5,17.2,1.82,21.7,20,TremblingAspen,ThreeToedWoodpecker
1,2.4849066497880004,4.7,10,4.9,24.6,20,TremblingAspen,RedNapedSapsucker
1,2.4849066497880004,6.9,42,2.13,49.3,0,TremblingAspen,NorthernFlicker
1,2.4849066497880004,6.4,31,3.24,31.5,0,TremblingAspen,NorthernFlicker
1,2.3978952727983707,4,26,3.6,22.8,5,TremblingAspen,RedNapedSapsucker
1,2.3978952727983707,4,15,2.95,24.3,15,TremblingAspen,RedNapedSapsucker
1,2.3978952727983707,4.3,10,2.45,22.2,15,TremblingAspen,RedNapedSapsucker
1,2.3978952727983707,7.1,48,2.03,43.3,23,TremblingAspen,NorthernFlicker
1,2.3978952727983707,5.6,34,2.57,35,9,TremblingAspen,NorthernFlicker
1,2.302585092994046,7,5.4,2.85,44.8,4,DouglasFir,NorthernFlicker
1,2.302585092994046,6.5,38,1.8,21,13,TremblingAspen,NorthernFlicker
1,2.302585092994046,3.5,7,1.5,17.2,7,TremblingAspen,BlackCappedChickadee
1,2.302585092994046,7.2,111,2.72,29.3,40,TremblingAspen,NorthernFlicker
1,2.302585092994046,6.6,42,1.85,25.1,10,TremblingAspen,NorthernFlicker
1,2.302585092994046,6.4,45,2.21,20.7,10,TremblingAspen,NorthernFlicker
1,2.1972245773362196,5.4,8,3.63,24.6,62,LodgepolePine,HairyWoodpecker
1,2.1972245773362196,3.4,14,2.3,24.3,40,TremblingAspen,RedNapedSapsucker
1,2.1972245773362196,12.5,136,2.67,61,0,TremblingAspen,NotExcavated
1,2.1972245773362196,3.7,20,2.35,24.1,5,TremblingAspen,NorthernFlicker
1,2.1972245773362196,3.5,10.5,3.4,23,5,TremblingAspen,RedBreastedNuthatch
1,2.1972245773362196,6.3,35,5.25,53.8,17,TremblingAspen,NorthernFlicker
1,2.1972245773362196,6.3,48,2.69,36,9,TremblingAspen,NorthernFlicker
1,2.1972245773362196,6.8,26,2.06,23.9,10,TremblingAspen,NorthernFlicker
1,2.1972245773362196,6,33,2.84,38.5,19,TremblingAspen,NorthernFlicker
1,2.0794415416798357,4,23,1.4,28,20,TremblingAspen,RedNapedSapsucker
1,2.0794415416798357,2.8,11,5.58,14.8,26,TremblingAspen,RedBreastedNuthatch
1,2.0794415416798357,2.5,21.5,3.23,24.5,20,TremblingAspen,RedNapedSapsucker
1,2.0794415416798357,4.3,17.3,3.96,31.5,25,TremblingAspen,RedNapedSapsucker
1,2.0794415416798357,4,13.2,3.94,22.6,23,TremblingAspen,RedNapedSapsucker
1,2.0794415416798357,3.3,8.8,3.4,25.1,20,TremblingAspen,HairyWoodpecker
1,2.0794415416798357,7.5,16,2.8,38.3,21,TremblingAspen,NorthernFlicker
1,2.0794415416798357,5.7,39,2.69,52.2,4,TremblingAspen,NorthernFlicker
1,2.0794415416798357,6,34,2.42,30.9,6,TremblingAspen,NorthernFlicker
1,2.0794415416798357,5.1,42,5.05,45.2,10,TremblingAspen,NorthernFlicker
1,2.0794415416798357,5.7,38,4.11,36.3,15,TremblingAspen,NorthernFlicker
1,2.0794415416798357,5.9,34,4.55,31.8,30,TremblingAspen,NorthernFlicker
1,2.0794415416798357,7.1,40,1.85,27.4,3,TremblingAspen,NorthernFlicker
1,2.0794415416798357,8.5,49,3.51,24.5,15,TremblingAspen,NorthernFlicker
1,2.0794415416798357,6.6,40,3.33,36.3,0,TremblingAspen,NorthernFlicker
1,1.9459101490553132,3.5,19.1,5.98,25.2,15,TremblingAspen,BlackCappedChickadee
1,1.9459101490553132,4.2,15.5,4.2,23,75,TremblingAspen,RedNapedSapsucker
1,1.9459101490553132,4.2,10.5,4.6,27.8,5,TremblingAspen,RedBreastedNuthatch
1,1.9459101490553132,6.4,45,3.4,34.8,4,TremblingAspen,NorthernFlicker
1,1.9459101490553132,4.1,14.7,2.4,31.5,25,TremblingAspen,RedNapedSapsucker
1,1.9459101490553132,6,38,1.47,56.7,8,TremblingAspen,NorthernFlicker
1,1.9459101490553132,6.2,22,1.6,31.8,20,TremblingAspen,NorthernFlicker
1,1.9459101490553132,7,54,2.05,17.5,10,TremblingAspen,NorthernFlicker
1,1.9459101490553132,6.1,41,2.94,39.5,3,TremblingAspen,NorthernFlicker
1,1.9459101490553132,7.4,38,5.76,44.6,4,TremblingAspen,NorthernFlicker
1,1.9459101490553132,10.3,24,3.17,30.6,0,TremblingAspen,NorthernFlicker
1,1.9459101490553132,5.8,29,4.3,29,0,TremblingAspen,NorthernFlicker
1,1.9459101490553132,5.7,31,3.15,39.8,27,TremblingAspen,NorthernFlicker
1,1.9459101490553132,5.8,36,2.77,70.7,35,TremblingAspen,NorthernFlicker
1,1.791759469228055,3.5,13,5.55,24,0,TremblingAspen,RedNapedSapsucker
1,1.791759469228055,4.5,49,0.68,27,5,TremblingAspen,NorthernFlicker
1,1.791759469228055,4,22.3,4.18,27.1,0,TremblingAspen,ThreeToedWoodpecker
1,1.791759469228055,4.5,27,3.7,23.2,0,TremblingAspen,HairyWoodpecker
1,1.791759469228055,8.4,44,2.5,30.1,0,TremblingAspen,NorthernFlicker
1,1.791759469228055,3.3,24,3.05,21.7,25,TremblingAspen,RedNapedSapsucker
1,1.791759469228055,3.6,23,2.23,32.5,30,TremblingAspen,RedNapedSapsucker
1,1.791759469228055,4,15,1.4,23,450,TremblingAspen,RedNapedSapsucker
1,1.791759469228055,4,15.7,2.87,26.2,5,TremblingAspen,ThreeToedWoodpecker
1,1.791759469228055,4.2,22.5,2.5,18.5,0,TremblingAspen,ThreeToedWoodpecker
1,1.791759469228055,3.2,12.1,2.2,12.9,100,TremblingAspen,BlackCappedChickadee
1,1.791759469228055,3.5,19.4,3.72,26.5,70,TremblingAspen,RedNapedSapsucker
1,1.791759469228055,9,25,4.4,33.9,10,TremblingAspen,PileatedWoodpecker
1,1.791759469228055,3.4,21.5,4.7,29.3,0,TremblingAspen,RedNapedSapsucker
1,1.791759469228055,4.5,23,4.3,24,20,TremblingAspen,RedNapedSapsucker
1,1.791759469228055,6,30,2.82,52.2,0,DouglasFir,NorthernFlicker
1,1.791759469228055,4,25,2.1,26.8,150,TremblingAspen,ThreeToedWoodpecker
1,1.791759469228055,3.7,21,4.5,23,35,TremblingAspen,ThreeToedWoodpecker
1,1.791759469228055,6.2,24.1,3.52,24.7,20,TremblingAspen,HairyWoodpecker
1,1.791759469228055,3.5,5.5,1.56,21.1,25,TremblingAspen,HairyWoodpecker
1,1.791759469228055,4,24,3.96,27.9,15,TremblingAspen,RedNapedSapsucker
1,1.791759469228055,5,18,4.6,31.2,10,TremblingAspen,HairyWoodpecker
1,1.791759469228055,3,17,2.6,18.3,15,TremblingAspen,DownyWoodpecker
1,1.791759469228055,4.5,15,3.65,29.7,25,TremblingAspen,RedNapedSapsucker
1,1.791759469228055,5,17.5,4.95,35.8,0,TremblingAspen,RedNapedSapsucker
1,1.791759469228055,6.5,24,1.3,27.8,5,TremblingAspen,NorthernFlicker
1,1.791759469228055,5,38,1.71,39.2,0,LodgepolePine,NorthernFlicker
1,1.791759469228055,7.7,34,5.03,31.5,6,TremblingAspen,NorthernFlicker
1,1.791759469228055,6,27,1.23,62.1,0,LodgepolePine,NorthernFlicker
1,1.791759469228055,6.2,42,3.71,26.4,0,TremblingAspen,NorthernFlicker
1,1.791759469228055,7.5,35,2.26,42.3,10,TremblingAspen,NorthernFlicker
1,1.791759469228055,6.7,28,2.62,33.4,15,TremblingAspen,NorthernFlicker
1,1.791759469228055,5.6,40,3,33.4,15,TremblingAspen,NorthernFlicker
1,1.791759469228055,6.9,41,1.13,33.4,10,TremblingAspen,NorthernFlicker
1,1.791759469228055,7.2,39,3.24,25.5,64,TremblingAspen,NorthernFlicker
1,1.6094379124341003,4.5,24,6.8,33.3,0,TremblingAspen,HairyWoodpecker
1,1.6094379124341003,3.5,9.9,2.4,25,25,TremblingAspen,RedBreastedNuthatch
1,1.6094379124341003,3.7,18.5,1.85,23.6,0,TremblingAspen,ThreeToedWoodpecker
1,1.6094379124341003,4,10,5.2,27.6,0,TremblingAspen,RedNapedSapsucker
1,1.6094379124341003,4.2,18.5,3.85,20,0,TremblingAspen,ThreeToedWoodpecker
1,1.6094379124341003,3.8,18.5,4.1,22.5,80,TremblingAspen,ThreeToedWoodpecker
1,1.6094379124341003,4,24,5.33,27.6,180,TremblingAspen,HairyWoodpecker
1,1.6094379124341003,3.5,22,2.44,26.6,350,TremblingAspen,RedNapedSapsucker
1,1.6094379124341003,4.4,22.5,2.7,16.5,0,TremblingAspen,HairyWoodpecker
1,1.6094379124341003,7.5,12,1.7,50.9,4,TremblingAspen,NorthernFlicker
1,1.6094379124341003,5.7,18.5,3.5,51.2,0,TremblingAspen,NorthernFlicker
1,1.6094379124341003,4.5,23,2.45,51.2,0,TremblingAspen,NorthernFlicker
1,1.6094379124341003,4.3,15.8,2.45,24.8,20,TremblingAspen,HairyWoodpecker
1,1.6094379124341003,6,9,3.98,48,2,TremblingAspen,NorthernFlicker
1,1.6094379124341003,4.8,17.5,4.9,28.1,28,TremblingAspen,HairyWoodpecker
1,1.6094379124341003,4,7,2.52,31.2,40,TremblingAspen,RedNapedSapsucker
1,1.6094379124341003,4,15,2.65,20.7,200,TremblingAspen,ThreeToedWoodpecker
1,1.6094379124341003,3.4,18.5,4.52,29.8,15,TremblingAspen,RedNapedSapsucker
1,1.6094379124341003,12,48.3,1.3,16.1,5,TremblingAspen,NotExcavated
1,1.6094379124341003,6.9,43,2.15,34.4,10,TremblingAspen,NorthernFlicker
1,1.6094379124341003,6.6,44,4.39,31.2,15,TremblingAspen,NorthernFlicker
1,1.6094379124341003,6.5,49,1.68,21.6,8,TremblingAspen,NorthernFlicker
1,1.6094379124341003,5.6,50,0.68,26.7,9,TremblingAspen,NorthernFlicker
1,1.6094379124341003,6.4,29,2.87,52.8,58,DouglasFir,NorthernFlicker
1,1.6094379124341003,6.2,31,0.63,33.7,26,TremblingAspen,NorthernFlicker
1,1.6094379124341003,6.9,39,1.68,31.2,22,TremblingAspen,NorthernFlicker
1,1.6094379124341003,6.5,39,4.19,28.3,26,TremblingAspen,NorthernFlicker
1,1.6094379124341003,6.5,40,1.23,34.1,28,TremblingAspen,NorthernFlicker
1,1.3862943611198906,3.8,18,4.47,27,0,TremblingAspen,RedNapedSapsucker
1,1.3862943611198906,3.7,22,5.55,32.4,10,TremblingAspen,RedNapedSapsucker
1,1.3862943611198906,3.7,16,1.8,14.5,5,TremblingAspen,BlackCappedChickadee
1,1.3862943611198906,3,15,0.5,20.9,0,TremblingAspen,BlackCappedChickadee
1,1.3862943611198906,4.8,22,5.21,17.5,50,TremblingAspen,ThreeToedWoodpecker
1,1.3862943611198906,4.1,19.6,4.87,31.1,100,TremblingAspen,RedNapedSapsucker
1,1.3862943611198906,4.5,20,3.13,23.3,220,TremblingAspen,ThreeToedWoodpecker
1,1.3862943611198906,3,17.5,3.65,18.1,20,TremblingAspen,DownyWoodpecker
1,1.3862943611198906,4.6,13.8,1.95,15.2,15,TremblingAspen,BlackCappedChickadee
1,1.3862943611198906,3.8,31,4.6,26.5,0,TremblingAspen,RedNapedSapsucker
1,1.3862943611198906,4,18.6,2.5,23.5,375,TremblingAspen,RedNapedSapsucker
1,1.3862943611198906,2.4,13.5,1.91,12,10,TremblingAspen,BlackCappedChickadee
1,1.3862943611198906,4,24,4.33,18.8,0,DouglasFir,ThreeToedWoodpecker
1,1.3862943611198906,5.8,29,1.4,30.5,0,TremblingAspen,NorthernFlicker
1,1.3862943611198906,3,11.2,4.1,26.8,40,TremblingAspen,RedNapedSapsucker
1,1.3862943611198906,5.5,41,1.75,29.9,0,TremblingAspen,NorthernFlicker
1,1.3862943611198906,2.1,13.5,2.05,29,125,TremblingAspen,RedBreastedNuthatch
1,1.3862943611198906,4,20,4.93,35.5,10,TremblingAspen,RedNapedSapsucker
1,1.3862943611198906,4.5,12,4.75,21.4,50,TremblingAspen,RedNapedSapsucker
1,1.3862943611198906,2.5,14.5,4.51,15.3,11,TremblingAspen,RedBreastedNuthatch
1,1.3862943611198906,7.3,38,2.12,21,13,TremblingAspen,NorthernFlicker
1,1.3862943611198906,7.8,32,3.47,26.4,60,TremblingAspen,NorthernFlicker
1,1.3862943611198906,5.5,38,4.3,38.2,17,TremblingAspen,NorthernFlicker
1,1.3862943611198906,8.1,23,2.51,38.8,0,LodgepolePine,NorthernFlicker
1,1.3862943611198906,10.5,53,6.13,57,20,TremblingAspen,NorthernFlicker
1,1.3862943611198906,7,40,5.7,45.5,11,TremblingAspen,NorthernFlicker
1,1.3862943611198906,5.3,43,3.04,26.1,0,TremblingAspen,NorthernFlicker
1,1.3862943611198906,7.3,40,2.84,40.7,15,TremblingAspen,NorthernFlicker
1,1.3862943611198906,6,31,1.74,35,10,TremblingAspen,NorthernFlicker
1,1.3862943611198906,8,42,4.69,33.1,34,TremblingAspen,NorthernFlicker
1,1.3862943611198906,6.2,39,1.86,32.8,0,TremblingAspen,NorthernFlicker
1,1.3862943611198906,6,36,0.96,30.9,32,TremblingAspen,NorthernFlicker
1,1.3862943611198906,7.1,27,4.47,39.8,2,TremblingAspen,NorthernFlicker
1,1.3862943611198906,6,51,3.73,40.1,14,TremblingAspen,NorthernFlicker
1,1.3862943611198906,6.7,29,1.42,45.8,23,TremblingAspen,NorthernFlicker
1,1.0986122886681098,4.5,19,2.75,21.7,0,TremblingAspen,ThreeToedWoodpecker
1,1.0986122886681098,3.8,18,3.39,30.7,12,TremblingAspen,RedNapedSapsucker
1,1.0986122886681098,4.5,19.9,4.69,44.8,3,TremblingAspen,RedNapedSapsucker
1,1.0986122886681098,4,17,3.48,18.1,20,TremblingAspen,RedBreastedNuthatch
1,1.0986122886681098,3.5,28,4.93,23.4,50,TremblingAspen,RedNapedSapsucker
1,1.0986122886681098,3.8,16.5,3.17,24.5,15,TremblingAspen,BlackCappedChickadee
1,1.0986122886681098,4.2,21,4.8,37,15,TremblingAspen,RedNapedSapsucker
1,1.0986122886681098,3,13,2.5,15.1,20,TremblingAspen,RedBreastedNuthatch
1,1.0986122886681098,3.8,19,5.8,20.9,75,TremblingAspen,ThreeToedWoodpecker
1,1.0986122886681098,3.6,18.5,4,14.9,200,TremblingAspen,ThreeToedWoodpecker
1,1.0986122886681098,5,14.5,2.55,30.4,20,TremblingAspen,HairyWoodpecker
1,1.0986122886681098,4,10,3.5,20.2,45,TremblingAspen,ThreeToedWoodpecker
1,1.0986122886681098,2.9,21.5,3.05,22.7,30,TremblingAspen,DownyWoodpecker
1,1.0986122886681098,4,20,2.57,37.5,4,TremblingAspen,RedNapedSapsucker
1,1.0986122886681098,3.2,17,2.4,18.2,15,TremblingAspen,DownyWoodpecker
1,1.0986122886681098,7,33.5,4.38,30.1,0,TremblingAspen,NorthernFlicker
1,1.0986122886681098,4.4,19.9,4.15,27.1,30,TremblingAspen,RedNapedSapsucker
1,1.0986122886681098,4,19.5,4.67,31.5,0,TremblingAspen,ThreeToedWoodpecker
1,1.0986122886681098,3.5,15.5,3.39,27.5,300,TremblingAspen,RedNapedSapsucker
1,1.0986122886681098,6.3,30,3.97,52.2,4,TremblingAspen,NorthernFlicker
1,1.0986122886681098,3,2,1.15,16.9,80,TremblingAspen,NotExcavated
1,1.0986122886681098,7,38,3.78,43.6,12,TremblingAspen,NorthernFlicker
1,1.0986122886681098,6.3,34,1.68,28,29,TremblingAspen,NorthernFlicker
1,1.0986122886681098,5.4,43,3.55,31.2,12,TremblingAspen,NorthernFlicker
1,1.0986122886681098,8.8,36,3.76,38.2,0,TremblingAspen,NorthernFlicker
1,1.0986122886681098,8.2,43,1.64,36.9,7,TremblingAspen,NorthernFlicker
1,1.0986122886681098,6.5,32,2.04,21,0,TremblingAspen,NorthernFlicker
1,1.0986122886681098,6.5,28,2.2,36,21,TremblingAspen,NorthernFlicker
1,1.0986122886681098,9.8,47,2.68,25.8,8,TremblingAspen,NorthernFlicker
1,1.0986122886681098,6.2,42,1.52,35.3,7,TremblingAspen,NorthernFlicker
1,1.0986122886681098,5.8,57,4.45,28.6,45,TremblingAspen,NorthernFlicker
1,1.0986122886681098,6.1,48,2.54,26.7,19,TremblingAspen,NorthernFlicker
1,1.0986122886681098,5.6,29,2.28,34.4,13,TremblingAspen,NorthernFlicker
1,1.0986122886681098,6,28,4.14,37.6,0,LodgepolePine,NorthernFlicker
1,1.0986122886681098,6.8,35,3.84,24.2,22,TremblingAspen,NorthernFlicker
1,1.0986122886681098,6.2,35,3.67,28.6,0,TremblingAspen,NorthernFlicker
1,1.0986122886681098,6.1,39,5.25,33.4,15,TremblingAspen,NorthernFlicker
1,1.0986122886681098,5.7,39,3.86,27.7,29,TremblingAspen,NorthernFlicker
1,1.0986122886681098,5.5,56,3.97,27.4,54,TremblingAspen,NorthernFlicker
1,1.0986122886681098,6.5,37,1.18,29.3,19,TremblingAspen,NorthernFlicker
1,0.6931471805599453,8,38,3.14,41.5,0,TremblingAspen,NorthernFlicker
1,0.6931471805599453,3.7,18,7,28.5,0,TremblingAspen,RedNapedSapsucker
1,0.6931471805599453,4.6,7.3,2.82,14.2,350,TremblingAspen,RedBreastedNuthatch
1,0.6931471805599453,4,9.8,3.39,23.3,20,TremblingAspen,DownyWoodpecker
1,0.6931471805599453,4,15,3.7,28.1,40,TremblingAspen,RedBreastedNuthatch
1,0.6931471805599453,4.2,10,5.4,22.7,70,TremblingAspen,RedNapedSapsucker
1,0.6931471805599453,4,23,5.9,33.1,2,TremblingAspen,RedNapedSapsucker
1,0.6931471805599453,4.5,24,5.2,34.5,10,TremblingAspen,RedNapedSapsucker
1,0.6931471805599453,5,17,4.2,44.8,3,TremblingAspen,RedNapedSapsucker
1,0.6931471805599453,5.5,12,3.54,30.6,5,TremblingAspen,NorthernFlicker
1,0.6931471805599453,6.5,36,4.55,33.8,30,TremblingAspen,NorthernFlicker
1,0.6931471805599453,5,21,4.84,35.7,10,TremblingAspen,RedNapedSapsucker
1,0.6931471805599453,2.2,11.5,4.76,29.1,15,TremblingAspen,RedBreastedNuthatch
1,0.6931471805599453,4.5,13,2.3,29.8,0,TremblingAspen,RedNapedSapsucker
1,0.6931471805599453,5,29,5,20.5,0,TremblingAspen,HairyWoodpecker
1,0.6931471805599453,3.5,17,3.62,24.4,0,TremblingAspen,DownyWoodpecker
1,0.6931471805599453,4,20,3.2,23.5,0,TremblingAspen,RedNapedSapsucker
1,0.6931471805599453,7,21,1.9,24.4,0,TremblingAspen,NorthernFlicker
1,0.6931471805599453,4.2,10,3.5,30.2,0,TremblingAspen,RedNapedSapsucker
1,0.6931471805599453,3.2,14,3.2,28.8,120,TremblingAspen,DownyWoodpecker
1,0.6931471805599453,4.5,23,4.75,24,0,TremblingAspen,ThreeToedWoodpecker
1,0.6931471805599453,2.3,12,2.55,35.5,40,TremblingAspen,RedBreastedNuthatch
1,0.6931471805599453,3.8,15,5.2,21.9,50,TremblingAspen,ThreeToedWoodpecker
1,0.6931471805599453,3.1,18,3,23.9,25,TremblingAspen,DownyWoodpecker
1,0.6931471805599453,3.7,21,3.4,37.5,5,TremblingAspen,RedNapedSapsucker
1,0.6931471805599453,5.5,40,3,32.2,5,TremblingAspen,NorthernFlicker
1,0.6931471805599453,5,13.8,6.1,34.6,60,TremblingAspen,RedBreastedNuthatch
1,0.6931471805599453,3.5,15,2.75,29.5,7,TremblingAspen,RedNapedSapsucker
1,0.6931471805599453,4.4,17,6,27.4,75,TremblingAspen,ThreeToedWoodpecker
1,0.6931471805599453,3.8,16.5,6.5,29.3,0,TremblingAspen,RedNapedSapsucker
1,0.6931471805599453,2.3,10.6,4.16,77.1,10,DouglasFir,RedBreastedNuthatch
1,0.6931471805599453,3.7,22,5.82,24.7,10,TremblingAspen,RedNapedSapsucker
1,0.6931471805599453,2.4,9.6,3.3,24.2,65,TremblingAspen,RedBreastedNuthatch
1,0.6931471805599453,7.3,28,4.4,58.9,0,DouglasFir,NorthernFlicker
1,0.6931471805599453,3.5,12.2,2.66,16.2,0,TremblingAspen,RedNapedSapsucker
1,0.6931471805599453,4,22.1,3.78,22.3,100,TremblingAspen,RedNapedSapsucker
1,0.6931471805599453,4.2,15,3.89,24.5,0,TremblingAspen,ThreeToedWoodpecker
1,0.6931471805599453,2,16,0.22,7.7,5,TremblingAspen,BlackCappedChickadee
1,0.6931471805599453,5.6,36,2.85,63.5,8,TremblingAspen,NorthernFlicker
1,0.6931471805599453,4,21.8,4.22,22.8,80,DouglasFir,ThreeToedWoodpecker
1,0.6931471805599453,4.5,11.5,5.12,42,5,TremblingAspen,RedNapedSapsucker
1,0.6931471805599453,6,40.1,2.16,25.8,12,TremblingAspen,NotExcavated
1,0.6931471805599453,8.5,35,2.51,38.1,10,TremblingAspen,NorthernFlicker
1,0.6931471805599453,4,13.5,4.4,28,0,TremblingAspen,RedNapedSapsucker
1,0.6931471805599453,2,9,3.94,38,5,TremblingAspen,RedBreastedNuthatch
1,0.6931471805599453,6.5,48,1.75,31.2,12,TremblingAspen,NorthernFlicker
1,0.6931471805599453,6.5,34,3.56,26.4,25,TremblingAspen,NorthernFlicker
1,0.6931471805599453,6.1,40,2.88,33.7,19,TremblingAspen,NorthernFlicker
1,0.6931471805599453,6.5,34,3.01,28.3,10,TremblingAspen,NorthernFlicker
1,0.6931471805599453,7,48,1.96,43.6,12,TremblingAspen,NorthernFlicker
1,0.6931471805599453,6.8,37,4.62,38.2,19,TremblingAspen,NorthernFlicker
1,0.6931471805599453,7.8,37,3.86,41.1,12,TremblingAspen,NorthernFlicker
1,0.6931471805599453,6.4,38,4.02,43.3,12,TremblingAspen,NorthernFlicker
1,0.6931471805599453,6.2,26,1.5,31.8,11,TremblingAspen,NorthernFlicker
1,0.6931471805599453,6.1,50,4.59,22,16,TremblingAspen,NorthernFlicker
1,0.6931471805599453,5.8,34,4.2,55.7,11,TremblingAspen,NorthernFlicker
1,0.6931471805599453,6.5,37,3.26,43.9,7,LodgepolePine,NorthernFlicker
1,0.6931471805599453,7.1,30,3.17,30.9,0,TremblingAspen,NorthernFlicker
1,0.6931471805599453,6,32,3.45,34.4,0,TremblingAspen,NorthernFlicker
1,0.6931471805599453,8.7,36,2.9,53.2,31,TremblingAspen,NorthernFlicker
1,0.6931471805599453,6.4,31,3.42,37.9,14,TremblingAspen,NorthernFlicker
1,0.6931471805599453,7,48,5.44,33.4,18,TremblingAspen,NorthernFlicker
1,0.6931471805599453,5.2,50,2.45,45.2,9,TremblingAspen,NorthernFlicker
1,0.6931471805599453,6,31,2.1,23.9,24,TremblingAspen,NorthernFlicker
1,0.6931471805599453,7.2,40,2.2,37.2,21,TremblingAspen,NorthernFlicker
1,0.6931471805599453,6.7,33,4,47.4,6,TremblingAspen,NorthernFlicker
1,0.6931471805599453,5.9,39,3.26,32.1,35,TremblingAspen,NorthernFlicker
1,0.6931471805599453,5.9,38,3.09,43.3,13,TremblingAspen,NorthernFlicker
1,0.6931471805599453,6.1,34,3.25,27.7,30,TremblingAspen,NorthernFlicker
1,0.6931471805599453,5.7,44,2.8,45.8,3,LodgepolePine,NorthernFlicker
1,0.6931471805599453,5.7,31,2.86,39.8,15,TremblingAspen,NorthernFlicker
1,0.6931471805599453,7.1,52,1.91,34.7,10,TremblingAspen,NorthernFlicker
1,0.6931471805599453,7,34,3.06,32.5,71,TremblingAspen,NorthernFlicker
1,0.6931471805599453,5.6,33,4.39,32.8,9,TremblingAspen,NorthernFlicker
1,0.6931471805599453,8,42,1.03,36.6,0,TremblingAspen,NorthernFlicker
